,Type,level_1,"Region, subregion, country or area *",Total Population (Billions)_living,Total Population (Billions)_future,Total Population (Percentage of current 8bn)_living,Total Population (Percentage of next 8bn)_future,Ratio (Future/Living),Future-living statistic,log-ratio,Ratio (Future/Living) pct,statistic,stat_2
0,Country/Area,24,Burundi,0.013238559,0.035895828,0.0016454998774393626,0.0034425096974973132,2.7114603636241674,0.6228828138212182,0.9974873693142705,2.092075329020601,0.48535067175697066,0.48535067175697066
1,Country/Area,25,Comoros,0.000852075,0.001535434,0.00010590951085153187,0.00014725238918759833,1.8019939559311093,0.36773581464924293,0.5888938050912367,1.3903603935440938,0.1371532505319657,0.1371532505319657
2,Country/Area,26,Djibouti,0.001136455,0.001674572,0.00014125680621398075,0.0001605961101985855,1.4735048902068275,0.24206490675289913,0.3876438419595844,1.1369088294075465,-0.03434900579289879,-0.03434900579289879
3,Country/Area,27,Eritrea,0.003748901,0.008091957,0.00046597338396364013,0.0007760411723677545,2.1584877808189655,0.4804581560859979,0.7694078750378933,1.6654195262541196,0.2909846839021357,0.2909846839021357
4,Country/Area,28,Ethiopia,0.12652706,0.300615316,0.015726806952536365,0.028829844530852425,2.3758974246299567,0.5403851460232438,0.8653752291164462,1.8331657925134541,0.3727666504768685,0.3727666504768685
5,Country/Area,29,Kenya,0.055100586,0.108385768,0.006848782220922765,0.010394496469358331,1.967052909382851,0.4224644169389049,0.6765364375621187,1.5177145562613374,0.2118410118866061,0.2118410118866061
6,Country/Area,30,Madagascar,0.030325732,0.075299217,0.003769367065498515,0.007221404246099423,2.4830139961666875,0.5679221692675227,0.9094731433070368,1.915813482904818,0.41034624386024277,0.41034624386024277
7,Country/Area,31,Malawi,0.020931751,0.05368608,0.0026017328400388027,0.005148644322137285,2.5648155283330096,0.588162784946842,0.9418865572578997,1.978928905729036,0.4379684781268314,0.4379684781268314
8,Country/Area,32,Mauritius,0.001300557,0.000978122,0.0001616540277610958,9.380461903080957e-05,0.7520793014070126,-0.38217624331766353,-0.2849135065934923,0.5802801224937056,-0.6074924786653146,-0.6074924786653146
9,Country/Area,33,Mayotte,0.000335995,0.001137335,4.176283319961324e-05,0.00010907358835135679,3.384975966904269,0.7614233454934819,1.2193468064584636,2.6117382369634567,0.674416018478563,0.674416018478563
10,Country/Area,34,Mozambique,0.033897354,0.09565576,0.004213305379574823,0.009173653312063887,2.8219240947243263,0.6478181658413426,1.0374189553808242,2.1773055797321836,0.5193797816384191,0.5193797816384191
11,Country/Area,35,Réunion,0.000981796,0.001147219,0.00012203331175775675,0.00011002149142939872,1.1684901955192322,0.09723494588050219,0.15571248430623125,0.9015693325425586,-0.23199749492091049,-0.23199749492091049
12,Country/Area,36,Rwanda,0.014094683,0.031516875,0.0017519126627789827,0.003022555931076743,2.236082570995034,0.5025123007856955,0.8047254826052324,1.7252891626927305,0.3210818292210267,0.3210818292210267
13,Country/Area,37,Seychelles,0.00010766,0.000109436,1.338170693691978e-05,1.049521663785875e-05,1.016496377484674,0.010217149946722832,0.016361790365869988,0.7842958067556182,-0.3507501051540537,-0.3507501051540537
14,Country/Area,38,Somalia,0.018143378,0.058945283,0.0022551492405884985,0.005653016510699336,3.2488593358965456,0.7357940656152298,1.1783039611657138,2.5067150363956126,0.6394399098414931,0.6394399098414931
15,Country/Area,39,South Sudan,0.011088796,0.022952512,0.0013782929440394602,0.0022012097099953637,2.069883150524187,0.45428380901294924,0.7274921566618398,1.597055052421674,0.2552647256715439,0.2552647256715439
16,Country/Area,40,Uganda,0.048582334,0.12390553,0.006038589595946067,0.01188288479091621,2.550423575779624,0.5846489297194204,0.9362594535247759,1.9678245395073113,0.43317314315241706,0.43317314315241706
17,Country/Area,41,United Republic of Tanzania,0.067438106,0.211767563,0.008382286558359013,0.02030909801670749,3.1401766087558864,0.7145471432819995,1.1442790431651966,2.422858950873587,0.6104443755439797,0.6104443755439797
18,Country/Area,42,Zambia,0.020569737,0.056781298,0.002556735949317439,0.005445484333206767,2.760428973885276,0.6340597045759754,1.0153860929725471,2.129857928684628,0.5006037006021067,0.5006037006021067
19,Country/Area,43,Zimbabwe,0.016665409,0.034303467,0.0020714436115725926,0.003289797850749649,2.0583633440979456,0.450798754090619,0.7219111738681987,1.5881667414794407,0.2505086942828896,0.2505086942828896
20,Country/Area,45,Angola,0.036684202,0.116740342,0.00455969942763112,0.011195723342115214,3.182305614825695,0.722869167259045,1.157605970189091,2.4553643326291965,0.6218013865908809,0.6218013865908809
21,Country/Area,46,Cameroon,0.028647293,0.077767973,0.0035607438181504128,0.007458164809771466,2.7146709114889145,0.6236217685658964,0.9986707348012541,2.0945524841620093,0.4863591184066818,0.4863591184066818
22,Country/Area,47,Central African Republic,0.005742315,0.017419409,0.0007137467626739596,0.001670569749976849,3.033516795926382,0.6929683123333311,1.1097226051992541,2.3405636807630152,0.5809958877555252,0.5809958877555252
23,Country/Area,48,Chad,0.018278568,0.058333897,0.002271952816297231,0.005594382893613972,3.191382224253016,0.7246477009267116,1.1604541220886662,2.462367551598871,0.6242285397169343,0.6242285397169343
24,Country/Area,49,Congo,0.006106869,0.01539276,0.0007590593652253423,0.0014762084766856121,2.5205649572636974,0.5772951428380918,0.924483065787002,1.9447865928738912,0.4231374788623148,0.4231374788623148
25,Country/Area,50,Democratic Republic of the Congo,0.102262808,0.373738264,0.012710857581297561,0.0358425385297091,3.6546841545755324,0.8092956140042654,1.2960096748509664,2.819836372208821,0.7397469864999053,0.7397469864999053
26,Country/Area,51,Equatorial Guinea,0.001714671,0.003670059,0.0002131267398777185,0.0003519688610578168,2.1403866980896042,0.4751994209895735,0.7609865127513452,1.6514533148668205,0.2838081229179863,0.2838081229179863
27,Country/Area,52,Gabon,0.002436566,0.004944338,0.00030285539796082926,0.000474175759720725,2.029223915953847,0.4418954689305194,0.7076534125436881,1.5656836989316398,0.23835843994621997,0.23835843994621997
28,Country/Area,53,Sao Tome and Principe,0.000231856,0.000498709,2.8818772464856702e-05,4.7827579537354244e-05,2.1509428265820163,0.47827157241464724,0.7659062700076619,1.6595980830091912,0.28800066763650123,0.28800066763650123
29,Country/Area,55,Algeria,0.04560648,0.067241746,0.005668702858856522,0.00644867037700457,1.4743901743787289,0.24243996578742974,0.38824446320228073,1.1375918861101464,-0.033837165210589326,-0.033837165210589326
30,Country/Area,56,Egypt,0.112716598,0.197332109,0.014010221822056457,0.01892469784678311,1.7506925555010098,0.34970017866661596,0.560011455649205,1.350777888255112,0.11254013746505165,0.11254013746505165
31,Country/Area,57,Libya,0.006888388,0.008831456,0.0008561990477781437,0.0008469611823140235,1.2820787679207386,0.1551655381260635,0.24848279804686413,0.9892106099766256,-0.15293999906399947,-0.15293999906399947
32,Country/Area,58,Morocco,0.037840044,0.046009965,0.004703365960320915,0.004412483553632249,1.2159067521168843,0.12207414862714538,0.19549009648919385,0.9381544176781814,-0.19809959931667254,-0.19809959931667254
33,Country/Area,59,Sudan,0.048109006,0.126639023,0.005979756820718144,0.012145034368871092,2.6323350559352647,0.6043890090229223,0.967871306248259,2.0310247946525233,0.46011229873944215,0.46011229873944215
34,Country/Area,60,Tunisia,0.012458223,0.01412604,0.001548507237049912,0.0013547265071371232,1.133872784264658,0.07845551343296188,0.12563901582442363,0.8748596549784527,-0.2576256621010987,-0.2576256621010987
35,Country/Area,61,Western Sahara,0.000587259,0.001047963,7.299394235620075e-05,0.00010050256509247753,1.7844988327126532,0.36164354065325327,0.5791376098221444,1.3768617209636158,0.1288391645278817,0.1288391645278817
36,Country/Area,63,Botswana,0.002675352,0.004166773,0.0003325355416784526,0.0003996051145489658,1.5574672043155442,0.27667019936157833,0.44306091483854415,1.2016914418590676,0.012876608014760427,0.012876608014760427
37,Country/Area,64,Eswatini,0.001210822,0.001962023,0.00015050032655373474,0.0001881634602275443,1.6204058069641942,0.30140829647501416,0.4826766160009215,1.2502528368957544,0.046636525430470144,0.046636525430470144
38,Country/Area,65,Lesotho,0.002330318,0.00308357,0.00028964919697036065,0.0002957229354874274,1.3232400041539394,0.17489851550475127,0.2800832777156688,1.0209692917522166,-0.126010535426768,-0.126010535426768
39,Country/Area,66,Namibia,0.002604172,0.004796132,0.0003236881526781744,0.00045996239230021896,1.8417109161760437,0.38134960155971864,0.6106949853299856,1.4210047185679195,0.15573189543360244,0.15573189543360244
40,Country/Area,67,South Africa,0.060414495,0.076280819,0.007509279833104266,0.007315542606804816,1.2626244579218944,0.14561745719310332,0.23319245784083006,0.974200292091211,-0.1659702019246786,-0.1659702019246786
41,Country/Area,69,Benin,0.013712828,0.040510862,0.0017044496151995892,0.0038851042881355297,2.954231030973334,0.6764301960361427,1.0832383905883325,2.2793893427472116,0.5584264298928487,0.5584264298928487
42,Country/Area,70,Burkina Faso,0.023251485,0.057463768,0.0028900664881867564,0.005510935103509405,2.4714020631370426,0.5649950408115266,0.9047856264925906,1.9068540900479407,0.406351611027876,0.406351611027876
43,Country/Area,71,Cabo Verde,0.000598682,0.00072316,7.441377551931086e-05,6.935305442298635e-05,1.20792006440815,0.11795890427339999,0.188899925475612,0.9319921471393261,-0.20371564605182968,-0.20371564605182968
44,Country/Area,72,Côte d'Ivoire,0.028873034,0.078981659,0.0035888025205992997,0.007574560671282633,2.735481799384159,0.6283906111624984,1.006307581011822,2.1106094937811584,0.49286712633839813,0.49286712633839813
45,Country/Area,73,Gambia,0.002773168,0.006338296,0.00034469367883005714,0.0006078602071975727,2.285579524933217,0.516184130968843,0.8266196136046685,1.763479415290535,0.3397396853927521,0.3397396853927521
46,Country/Area,74,Ghana,0.034121985,0.06853455,0.0042412261134680725,0.006572653874667956,2.0085159172304894,0.43549027116023503,0.6973960997200718,1.5497060752777132,0.2296173089382636,0.2296173089382636
47,Country/Area,75,Guinea,0.014190612,0.032354311,0.001763836253386003,0.0031028683715930436,2.279979961399832,0.5146523758956562,0.8241666540680044,1.7591589727428076,0.3376493093814221,0.3376493093814221
48,Country/Area,76,Guinea-Bissau,0.002150842,0.004542975,0.000267341048779662,0.0004356839322103911,2.1121844375365555,0.4669168028471717,0.747722690410165,1.629693360593773,0.27250488875283785,0.27250488875283785
49,Country/Area,77,Liberia,0.005418377,0.012329157,0.0006734825662989652,0.0011824004320074991,2.275433584632446,0.513405949326861,0.8221706208952098,1.7556511351217674,0.3359483192917512,0.3359483192917512
50,Country/Area,78,Mali,0.023293698,0.077281629,0.0028953133950688687,0.007411523068109464,3.317705458360454,0.7488884806926027,1.1992734169901715,2.559834483110652,0.6573097714396612,0.6573097714396612
51,Country/Area,79,Mauritania,0.004862989,0.013714131,0.0006044500616335183,0.0013152232889083524,2.8201032328059963,0.6474151048380059,1.0367734916580014,2.1759006614276437,0.5188297269545952,0.5188297269545952
52,Country/Area,80,Niger,0.027202843,0.13492594,0.003381204466626785,0.012939772747237942,4.959994071207925,1.0,1.6014045454151389,3.8269713869587836,1.0,1.0
53,Country/Area,81,Nigeria,0.223804632,0.517626997,0.027818019659568812,0.04964186804268487,2.312852028013433,0.5235912496624373,0.8384814071490199,1.784521998696953,0.3498481312541071,0.3498481312541071
54,Country/Area,82,Saint Helena,5.314e-06,3.034e-06,6.605089231171438e-07,2.9096903468020987e-07,0.5709446744448626,-0.7517917756259497,-0.5604629664112812,0.44052248879097333,-0.8423116724305023,-0.8423116724305023
55,Country/Area,83,Senegal,0.017763163,0.053089897,0.0022078900384426598,0.005091468715017063,2.988763712859022,0.6836872238642541,1.094859827938474,2.306033645864149,0.5683300477433699,0.5683300477433699
56,Country/Area,84,Sierra Leone,0.008791092,0.016813579,0.0010926975366849338,0.0016124689687374582,1.912570019742712,0.40492447678824395,0.6484478976785407,1.4756773165513177,0.18790437164109597,0.18790437164109597
57,Country/Area,85,Togo,0.009053799,0.023675532,0.0011253509649245528,0.0022705493380291426,2.6149831689437772,0.6002591062314051,0.9612576611458008,2.017636638523136,0.4544762477312667,0.4544762477312667
58,Country/Area,88,Kazakhstan,0.019606633,0.031901667,0.002437025978318226,0.0030594585536188224,1.6270854358318434,0.30397711778650327,0.48679033812549943,1.2554066230061824,0.05014217887397998,0.05014217887397998
59,Country/Area,89,Kyrgyzstan,0.006735347,0.011548475,0.0008371766642435614,0.0011075308578703154,1.7146072800703513,0.33669447531324087,0.5391840631827892,1.3229356540546133,0.0947913401695355,0.0947913401695355
60,Country/Area,90,Tajikistan,0.010143543,0.019461013,0.0012608017808660975,0.0018663652493437755,1.9185616899341777,0.40687769205398644,0.651575785483275,1.4803002959447686,0.19056991158801284,0.19056991158801284
61,Country/Area,91,Turkmenistan,0.0065161,0.008950685,0.0008099251399931542,0.0008583955748769394,1.373626095363791,0.19823474906396965,0.31745402821027047,1.0598455739800778,-0.09416373192606353,-0.09416373192606353
62,Country/Area,92,Uzbekistan,0.035163944,0.050720341,0.004370737445237402,0.00486422170712626,1.4423962511144939,0.22874032354372364,0.36630579384264855,1.1129064072303372,-0.05253297631730114,-0.05253297631730114
63,Country/Area,94,China,1.425671352,0.939100122,0.17720524076561583,0.0900623124477282,0.658707296518644,-0.5599924470072798,-0.41747600624693354,0.5082372962482017,-0.7204602896445234,-0.7204602896445234
64,Country/Area,95,"China, Hong Kong SAR",0.007491609,0.005367025,0.0009311770028236174,0.0005147126181129049,0.7164048470762423,-0.44736222023214006,-0.3335098429387336,0.5527548645983917,-0.6489055611953162,-0.6489055611953162
65,Country/Area,96,"China, Macao SAR",0.000704149,0.00098209,8.752290133684866e-05,9.418516126205909e-05,1.3947190154356532,0.20775073563441773,0.3326929723582954,1.0761201905266995,-0.08117732802950661,-0.08117732802950661
66,Country/Area,97,"China, Taiwan Province of China",0.023923276,0.017161481,0.002973567419682765,0.001645833737723389,0.7173549726216426,-0.4455844104235805,-0.33218448052945376,0.5534879508126218,-0.6477761068585174,-0.6477761068585174
67,Country/Area,98,Dem. People's Republic of Korea,0.026160821,0.022326143,0.0032516853042097033,0.0021411391815564684,0.8534190498073435,-0.21261430543476983,-0.1585045862283202,0.6584706025470861,-0.49976865737927034,-0.49976865737927034
68,Country/Area,99,Japan,0.123294513,0.081280426,0.015325014303327566,0.0077950188172762796,0.6592379824720992,-0.5589122054462712,-0.4166706830053757,0.5086467564068585,-0.7197740050318515,-0.7197740050318515
69,Country/Area,100,Mongolia,0.003447157,0.005173117,0.000428467812925428,0.0004961163018384256,1.5006908591630725,0.25348096832535905,0.4059255748524608,1.157884645876005,-0.0187695821156596,-0.0187695821156596
70,Country/Area,101,Republic of Korea,0.051784059,0.030157775,0.006436551193963989,0.0028922144627069766,0.5823756496183508,-0.7252011716041326,-0.5406395933817919,0.4493422604047974,-0.8254184857206848,-0.8254184857206848
71,Country/Area,103,Afghanistan,0.042239854,0.104100265,0.005250244726790625,0.009983504817733697,2.4645034284446155,0.5632495179788692,0.9019903382942472,1.901531326109521,0.4039695075698966,0.4039695075698966
72,Country/Area,104,Bangladesh,0.172954319,0.195420633,0.021497529354751407,0.018741381984378896,1.1298973863728723,0.07626231637157273,0.12212682008132392,0.8717923662347113,-0.26061870361635175,-0.26061870361635175
73,Country/Area,105,Bhutan,0.000787424,0.000753626,9.787365040959614e-05,7.227482852007509e-05,0.957077762425326,-0.05884703199516098,-0.043870634377513235,0.7384503205674734,-0.4020792909420293,-0.4020792909420293
74,Country/Area,106,India,1.428627663,1.639364772,0.1775726983860542,0.15721963915543255,1.147510169694929,0.08592115326915312,0.1375945253925326,0.8853818215547257,-0.2474373528237307,-0.2474373528237307
75,Country/Area,107,Iran (Islamic Republic of),0.089172767,0.087763916,0.011083817896602555,0.008416803532720838,0.9842008827650262,-0.021361758776769005,-0.01592525361403664,0.7593776450712694,-0.37826464879146926,-0.37826464879146926
76,Country/Area,108,Maldives,0.000521021,0.000513499,6.476082416850158e-05,4.924598165433523e-05,0.985562961953549,-0.019506652009040226,-0.01454226609573713,0.7604285814245016,-0.3770860871849644,-0.3770860871849644
77,Country/Area,109,Nepal,0.03089659,0.037173721,0.0038403224292231685,0.003565063188807332,1.2031658186227023,0.11549627832327221,0.1849562650854201,0.9283239244910182,-0.20707637538848278,-0.20707637538848278
78,Country/Area,110,Pakistan,0.240485658,0.469050161,0.02989140440171203,0.0449832144241157,1.9504288318100036,0.41716458471379575,0.6680492621468913,1.5048879543959897,0.20460836592291876,0.20460836592291876
79,Country/Area,111,Sri Lanka,0.021893579,0.017757732,0.0027212842093470293,0.001703015866232654,0.8110931520150269,-0.2808471492814947,-0.20937237077833404,0.6258133054912672,-0.5431174346352815,-0.5431174346352815
80,Country/Area,113,Brunei Darussalam,0.000452524,0.000442546,5.6246921325679787e-05,4.244139170124857e-05,0.9779503407554074,-0.029907845917924836,-0.022296386560195162,0.7545549285356488,-0.38369403450965234,-0.38369403450965234
81,Country/Area,114,Cambodia,0.016944826,0.020291331,0.002106174025906545,0.0019459950538716602,1.1974942085566413,0.1125457115310844,0.18023121401285958,0.9239478931633202,-0.21110299436313684,-0.21110299436313684
82,Country/Area,115,Indonesia,0.277534122,0.311328436,0.034496380137463686,0.029857262521891727,1.1217663390593824,0.0717523450172805,0.1149045314548683,0.8655187124827107,-0.2667734316768794,-0.2667734316768794
83,Country/Area,116,Lao People's Democratic Republic,0.007633779,0.010199354,0.0009488481645849204,0.0009781464033426952,1.3360819064843246,0.18092953545905946,0.28974138048398734,1.0308776892355496,-0.11778004240799178,-0.11778004240799178
84,Country/Area,117,Malaysia,0.034308525,0.041245149,0.004264412288575011,0.003955524452792163,1.2021836846672949,0.11498633548158192,0.18413964030083535,0.927566141620405,-0.20777229100977135,-0.20777229100977135
85,Country/Area,118,Myanmar,0.054577997,0.056141866,0.006783826500632426,0.005384161026752042,1.0286538364535436,0.017641384004135945,0.028250992531637223,0.7936761098253472,-0.3406183020689636,-0.3406183020689636
86,Country/Area,119,Philippines,0.117337368,0.18000658,0.014584565031817842,0.017263131449797617,1.5340942367140875,0.2672279995085594,0.42794013307520157,1.1836576142062643,-9.099636836484848e-06,-9.099636836484848e-06
87,Country/Area,120,Singapore,0.006014723,0.005657915,0.0007476059863714559,0.0005426097778024653,0.9406775673626201,-0.08203166631574668,-0.06115484703820271,0.7257964592231929,-0.41680864256018524,-0.41680864256018524
88,Country/Area,121,Thailand,0.071801279,0.052067935,0.008924611492420699,0.004993459718108739,0.7251672355307209,-0.43105529301647255,-0.32135298103008036,0.5595156408040256,-0.6385456624170992,-0.6385456624170992
89,Country/Area,122,Timor-Leste,0.001360596,0.001939428,0.0001691166350691557,0.00018599653691225116,1.4254253283120044,0.22134959352325614,0.3544702451939358,1.0998121907770508,-0.06261905666489886,-0.06261905666489886
90,Country/Area,123,Viet Nam,0.09885895,0.098215501,0.012287771660705979,0.009419139590179032,0.9934912418147269,-0.008759231267003917,-0.006530032515053771,0.7665457863527606,-0.37025817966187013,-0.37025817966187013
91,Country/Area,125,Armenia,0.00277797,0.001950791,0.0003452905482031863,0.00018708628020199118,0.7022361652573642,-0.4741571129476426,-0.35348551378655424,0.541822766871395,-0.6659285338642003,-0.6659285338642003
92,Country/Area,126,Azerbaijan,0.010412651,0.009245607,0.0012942508277765622,0.0008866794145756726,0.8879205689310051,-0.15945341820143755,-0.11887298939282459,0.6850908614823369,-0.46599519390490196,-0.46599519390490196
93,Country/Area,127,Bahrain,0.001485509,0.00195836,0.00018464282082627498,0.0001878121683442109,1.318309077898552,0.1725672095870865,0.27634991382236723,1.0171647481540476,-0.1291920531841857,-0.1291920531841857
94,Country/Area,128,Cyprus,0.001260138,0.001349437,0.00015663010789593367,0.0001294147598061168,1.0708644608765072,0.042753862445049244,0.06846622965355546,0.8262444656687654,-0.3063474689332747,-0.3063474689332747
95,Country/Area,129,Georgia,0.003728282,0.002732649,0.0004634105248206683,0.0002620686360085171,0.7329512628068371,-0.4167335360396404,-0.31067606933764585,0.5655215450920823,-0.629446955429332,-0.629446955429332
96,Country/Area,130,Iraq,0.04550456,0.103076155,0.005656034610937046,0.00988528982165382,2.2651829838592,0.5105865008243113,0.8176555432476627,1.7477421023093962,0.3321006365792343,0.3321006365792343
97,Country/Area,131,Israel,0.00917452,0.01697094,0.0011403561018661459,0.0016275603261093478,1.849790506751307,0.38408308184538753,0.6150723930842584,1.4272386699609991,0.15946225788947355,0.15946225788947355
98,Country/Area,132,Jordan,0.011337052,0.017584594,0.0014091501708398686,0.0016864114506998714,1.5510728891426093,0.27410118154146274,0.43894687802415855,1.1967577945895944,0.009370686397228933,0.009370686397228933
99,Country/Area,133,Kuwait,0.004310108,0.004809471,0.0005357291670302195,0.0004612416394833433,1.1158585817339148,0.06845499306658037,0.10962413705318363,0.8609604775491447,-0.27127330606235545,-0.27127330606235545
100,Country/Area,134,Lebanon,0.00535393,0.004951786,0.0006654720622402277,0.0004748900436265582,0.9248880728735713,-0.10473808841496211,-0.07808255108992243,0.713613794736778,-0.4312341827893297,-0.4312341827893297
101,Country/Area,135,Oman,0.004644384,0.007497719,0.000577278335412588,0.0007190520961547358,1.6143624213673977,0.2990750179687516,0.4789400931952731,1.2455899555641914,0.04345231569444774,0.04345231569444774
102,Country/Area,136,Qatar,0.002716391,0.003957278,0.0003376365250611783,0.0003795139616418034,1.4568145749268055,0.23495140888243532,0.37625225413602276,1.1240311206645581,-0.0440567492600894,-0.0440567492600894
103,Country/Area,137,Saudi Arabia,0.036947025,0.050719843,0.0045923672742062835,0.004864173947541793,1.3727720432159287,0.19784637533409785,0.31683208475393393,1.059186614899499,-0.09469374298498945,-0.09469374298498945
104,Country/Area,138,State of Palestine,0.00537123,0.01207611,0.0006676223829722426,0.001158132521223477,2.2482950832490878,0.5059135060700549,0.8101721882074954,1.7347119431009672,0.325723431563653,0.325723431563653
105,Country/Area,139,Syrian Arab Republic,0.023227014,0.044187776,0.0028870248408669223,0.004237730562750608,1.9024303339206665,0.4016050745883118,0.6431321919075084,1.4678538621365282,0.18337440542642014,0.18337440542642014
106,Country/Area,140,Türkiye,0.085816199,0.089656291,0.010666609933665132,0.008598287556123265,1.0447478686395795,0.027335742490386436,0.04377558227640259,0.806093745772592,-0.32738847519936387,-0.32738847519936387
107,Country/Area,141,United Arab Emirates,0.009516871,0.01300626,0.0011829089604167814,0.0012473364920895934,1.3666529681867077,0.1950566848384489,0.31236466171390026,1.0544653340440602,-0.09850081514242515,-0.09850081514242515
108,Country/Area,142,Yemen,0.034449825,0.071385794,0.004281975312819733,0.006846096100876835,2.0721671009939815,0.45497246178629835,0.7285949683432937,1.5988172749105825,0.2562045255538774,0.2562045255538774
109,Country/Area,145,Belarus,0.009498238,0.006980613,0.001180592953122005,0.0006694601931727501,0.7349376800202311,-0.4131031050902959,-0.3079695724522193,0.5670542005205131,-0.6271405186212755,-0.6271405186212755
110,Country/Area,146,Bulgaria,0.006687717,0.003547703,0.0008312564459507369,0.0003402345805016759,0.5304804315134747,-0.8503953354209269,-0.6339722084821885,0.4093015845579853,-0.9049551665197115,-0.9049551665197115
111,Country/Area,147,Czechia,0.010495295,0.010773665,0.0013045231460757892,0.0010332244248576017,1.0265233135419252,0.016346693267628876,0.02617766890128793,0.7920322670898583,-0.3423851579489021,-0.3423851579489021
112,Country/Area,148,Hungary,0.010156239,0.007432501,0.001262379842832205,0.000712797508645252,0.7318162756902433,-0.41881228936463405,-0.31222578601816314,0.5646458256542336,-0.6307676011737446,-0.6307676011737446
113,Country/Area,149,Poland,0.041026067,0.026476938,0.005099375862608542,0.0025392119614857504,0.645368662806503,-0.5874337196603938,-0.43793355522777955,0.4979456368581622,-0.7378939117654693,-0.7378939117654693
114,Country/Area,150,Republic of Moldova,0.003435931,0.002624382,0.0004270724660735437,0.0002516855297205401,0.7638052102908935,-0.3614237775190159,-0.26944248267576637,0.5893274554421842,-0.594308299805067,-0.594308299805067
115,Country/Area,151,Romania,0.019892812,0.014320054,0.002472596882177606,0.001373332989106288,0.7198607215510809,-0.44090709468666084,-0.32869752797457447,0.5554213058364772,-0.644804577216704,-0.644804577216704
116,Country/Area,152,Russian Federation,0.144444359,0.116940031,0.017953855478629304,0.01121487407236118,0.8095853089008481,-0.2833431233383154,-0.2112331267340727,0.6246499023961947,-0.5447031434717613,-0.5447031434717613
117,Country/Area,153,Slovakia,0.005795199,0.004216408,0.0007203200321301372,0.0004043652490368867,0.727569148186283,-0.4266197025890468,-0.3180462354000545,0.5613688791093231,-0.6357277024641286,-0.6357277024641286
118,Country/Area,154,Ukraine,0.036744634,0.023611704,0.0045672108832656355,0.002264428055383932,0.6425891737008458,-0.5932232675330017,-0.44224968009115717,0.4958010727467934,-0.7415720498437598,-0.7415720498437598
119,Country/Area,156,Denmark,0.005910913,0.006921345,0.0007347028190194065,0.0006637762272045805,1.1709434735378443,0.09854462568176849,0.15780981149301748,0.9034622027046386,-0.23021018356349177,-0.23021018356349177
120,Country/Area,157,Estonia,0.001322765,0.000934131,0.00016441439324182326,8.958575983350664e-05,0.7061957339361111,-0.4666149863738663,-0.34786283637821397,0.5448778423050986,-0.6611369709386142,-0.6611369709386142
121,Country/Area,158,Faroe Islands,5.327e-05,6.6436e-05,6.621247710660567e-06,6.371397095588142e-06,1.2471559977473248,0.13792002647937315,0.22086575730784447,0.9622653273234059,-0.17647483467864833,-0.17647483467864833
122,Country/Area,159,Finland,0.005545475,0.005192573,0.0006892803388074978,0.000497982186327133,0.9363621691559334,-0.08819944554664748,-0.0657529444848559,0.7224668372068704,-0.4207270735235079,-0.4207270735235079
123,Country/Area,160,Guernsey,6.3544e-05,6.0451e-05,7.898264774285997e-06,5.797418956972105e-06,0.9513250660959336,-0.06693395592806724,-0.04989945980966868,0.7340117256953053,-0.40721696723530143,-0.40721696723530143
124,Country/Area,161,Iceland,0.000375318,0.000388984,4.6650524653082456e-05,3.730464699606024e-05,1.0364117894691969,0.022333235626180305,0.035764545045592455,0.7996618960553387,-0.33421536321070544,-0.33421536321070544
125,Country/Area,162,Ireland,0.005056935,0.005764504,0.000628556772887353,0.0005528319592255137,1.1399205249820297,0.08177730319493533,0.1309585450481614,0.87952589658053,-0.25309243759630573,-0.25309243759630573
126,Country/Area,163,Isle of Man,8.471e-05,8.6937e-05,1.0529113827108252e-05,8.337499989450694e-06,1.026289694250974,0.016204562451050647,0.025950059965575988,0.7918520139828833,-0.34257912293367465,-0.34257912293367465
127,Country/Area,164,Jersey,0.000111802,0.000152893,1.3896540952642625e-05,1.466286375061349e-05,1.3675336756050875,0.19545896855228803,0.3130088806817887,1.055144859471316,-0.09795182122043444,-0.09795182122043444
128,Country/Area,165,Latvia,0.001830211,0.001083553,0.00022748789926367162,0.00010391574503455683,0.5920372022679352,-0.7031304479829765,-0.5241858044037768,0.456796802691085,-0.8113968089416597,-0.8113968089416597
129,Country/Area,166,Lithuania,0.002718352,0.001684939,0.00033788026950947196,0.00016159033431939295,0.6198384168054764,-0.6415755566383604,-0.4782964529654703,0.4782473227986549,-0.7722905791044605,-0.7722905791044605
130,Country/Area,167,Norway,0.00547436,0.006992217,0.0006804410290469642,0.0006705730490324829,1.2772665663200813,0.15281728789190246,0.24472229944810647,0.9854976704912951,-0.15614464061800326,-0.15614464061800326
131,Country/Area,168,Sweden,0.010612086,0.012872296,0.0013190397997528262,0.0012344889720625994,1.2129845159566177,0.12057157284343677,0.19308386479933215,0.9358997145453302,-0.20015015454475826,-0.20015015454475826
132,Country/Area,169,United Kingdom,0.067736802,0.071389178,0.008419413275201203,0.006846420635884533,1.0539201127328095,0.03279412002784686,0.052516652875483606,0.8131707533647493,-0.3199394634971522,-0.3199394634971522
133,Country/Area,171,Albania,0.002832439,0.001596837,0.00035206082681313506,0.0001531411075911807,0.5637674809589898,-0.7687607417923576,-0.5731133802930228,0.4349847978754652,-0.8530921689354521,-0.8530921689354521
134,Country/Area,172,Andorra,8.0088e-05,6.5034e-05,9.9546177332717e-06,6.2369413979541094e-06,0.8120317650584358,-0.279295779478995,-0.20821582005551464,0.6265375090304213,-0.5421318391328966,-0.5421318391328966
135,Country/Area,173,Bosnia and Herzegovina,0.003210847,0.002039629,0.00039909542609407455,0.00019560609137632225,0.6352308285010154,-0.6086721091701003,-0.4537668366925808,0.49012361101380825,-0.7513868011751617,-0.7513868011751617
136,Country/Area,174,Croatia,0.004008617,0.002472515,0.0004982550428790131,0.00023712106222226076,0.6168000085815133,-0.6481670664785976,-0.4832104428200581,0.4759029850498448,-0.7764782089281141,-0.7764782089281141
137,Country/Area,175,Gibraltar,3.2688e-05,2.6449e-05,4.062987519543319e-06,2.536532629616635e-06,0.8091348507097406,-0.2840896810211833,-0.21178968766903228,0.624302343390349,-0.5451774365083539,-0.5451774365083539
138,Country/Area,176,Greece,0.010341277,0.00714129,0.0012853793253530463,0.0006848695641632946,0.6905617168943449,-0.4966445047620304,-0.37024993012065266,0.5328151392003961,-0.6802149227038666,-0.6802149227038666
139,Country/Area,177,Holy See,5.18e-07,1.113e-06,6.438532596437345e-08,1.0673979419877177e-07,2.1486486486486487,0.47760518177984146,0.7648391090160618,1.6578279693393876,0.2870912487473083,0.2870912487473083
140,Country/Area,178,Italy,0.058870762,0.040655446,0.007317400002202799,0.0038989702956866838,0.6905880715456001,-0.4965933133466519,-0.3702117667708422,0.5328354735989497,-0.6801824004588954,-0.6801824004588954
141,Country/Area,179,Kosovo (under UNSC res. 1244),0.001663594,0.001253557,0.00020677807328643992,0.00012021960125465386,0.7535233957323721,-0.37960308827211775,-0.2829952119850391,0.5813943390802336,-0.6058577362359193,-0.6058577362359193
142,Country/Area,180,Malta,0.000535064,0.000433409,6.650631284131567e-05,4.156512799990609e-05,0.8100133815767833,-0.2826340506698779,-0.21070451098694945,0.6249801894608209,-0.5442526649129098,-0.5442526649129098
143,Country/Area,181,Montenegro,0.000626485,0.00048607,7.786957709805116e-05,4.661546430026685e-05,0.7758685363576143,-0.3404040106933762,-0.2537721850610277,0.5986351286018926,-0.5809543028333919,-0.5809543028333919
144,Country/Area,182,North Macedonia,0.002085679,0.001436449,0.00025924154878773835,0.00013775945250407145,0.6887200762917016,-0.5002265641414106,-0.37292036585926824,0.5313941887334813,-0.6824906287334053,-0.6824906287334053
145,Country/Area,183,Portugal,0.010247605,0.00750526,0.0012737362708091567,0.000719775299019114,0.7323916173583974,-0.41775813611516316,-0.31143991168911955,0.5650897407214979,-0.6300978906380432,-0.6300978906380432
146,Country/Area,184,San Marino,3.3642e-05,2.7157e-05,4.1815658997943085e-06,2.604431797894021e-06,0.8072350038642173,-0.2872429331295937,-0.21414044633362506,0.6228364828645013,-0.5471807184408288,-0.5471807184408288
147,Country/Area,185,Serbia,0.007149077,0.003985068,0.0008886016466976932,0.0003821790998994708,0.5574241262193707,-0.783939087485268,-0.5844288813773244,0.43009047003205714,-0.862735072403388,-0.862735072403388
148,Country/Area,186,Slovenia,0.002119675,0.001740022,0.0002634671154701415,0.00016687294715304156,0.8208909384693407,-0.2647407703751364,-0.19736501822052552,0.6333729613855856,-0.5328849455251834,-0.5328849455251834
149,Country/Area,187,Spain,0.047519628,0.03430891,0.005906499495146269,0.0032903198495814762,0.7219944987784837,-0.43693693126608857,-0.3257377595387215,0.5570676594970223,-0.6422823061213507,-0.6422823061213507
150,Country/Area,189,Austria,0.00895896,0.00818701,0.0011135628569532493,0.0007851570193201137,0.9138348647610883,-0.12086524971001475,-0.09010539697925489,0.7050854959982533,-0.4414798750885017,-0.4414798750885017
151,Country/Area,190,Belgium,0.01168614,0.011732295,0.0014525404115160291,0.0011251597068996219,1.0039495504931484,0.002461446425591592,0.003941771494238222,0.7746150798828949,-0.3613342624226382,-0.3613342624226382
152,Country/Area,191,France,0.064756584,0.062716073,0.008048984110384808,0.006014645754694651,0.9684895206949149,-0.04294767375711059,-0.0320176163331033,0.7472552650382983,-0.39197832343255534,-0.39197832343255534
153,Country/Area,192,Germany,0.083294633,0.071332955,0.010353189376038336,0.006841028693881626,0.8563931724148421,-0.2079478026003215,-0.15502569472384217,0.6607653395884617,-0.49680399724595614,-0.49680399724595614
154,Country/Area,193,Liechtenstein,3.9584e-05,4.1374e-05,4.920132708443549e-06,3.967881621904747e-06,1.0452202910266775,0.027618048254830448,0.044227668010780125,0.8064582516433708,-0.32700321439090685,-0.32700321439090685
155,Country/Area,194,Luxembourg,0.000654768,0.000848624,8.138504075490517e-05,8.138540081953145e-05,1.2960682256921534,0.16194236526175718,0.25933523982545664,1.0000044242114146,-0.14369170792048624,-0.14369170792048624
156,Country/Area,195,Monaco,3.6297e-05,4.5877e-05,4.51157176936074e-06,4.3997318404825274e-06,1.2639336584290712,0.14626460852619794,0.23422880892721926,0.9752104289600918,-0.16508703878320674,-0.16508703878320674
157,Country/Area,196,Netherlands,0.017618299,0.017113753,0.0021898840232679436,0.0016412564898370288,0.9713623886165174,-0.03897458702440941,-0.029055668559512696,0.7494718772311042,-0.38945419513766033,-0.38945419513766033
158,Country/Area,197,Switzerland,0.008796669,0.010132593,0.0010933907354550175,0.0009717438378435899,1.1518670305771423,0.08828757928175923,0.14138413076550868,0.8887434348336564,-0.2442079069051688,-0.2442079069051688
159,Country/Area,200,Anguilla,1.5899e-05,1.1187e-05,1.976182041520412e-06,1.0728644004507276e-06,0.7036291590666078,-0.4714989215134465,-0.3515038243017788,0.5428975559484892,-0.6642397672543305,-0.6642397672543305
160,Country/Area,201,Antigua and Barbuda,9.4298e-05,8.5429e-05,1.1720863837429512e-05,8.192878597131064e-06,0.905947103862224,-0.1324935903266594,-0.09877435890161577,0.6989995541939368,-0.4488674368378007,-0.4488674368378007
161,Country/Area,202,Aruba,0.000106277,7.1224e-05,1.3209805574354666e-05,6.830579606480971e-06,0.6701732265683072,-0.5368443776828868,-0.40021905289779475,0.5170840379166339,-0.7057541680104332,-0.7057541680104332
162,Country/Area,203,Bahamas,0.000412623,0.000424225,5.128738678648198e-05,4.0684356867901135e-05,1.0281176764261808,0.017315819286716702,0.027729631713335257,0.7932624260478889,-0.3410625980842612,-0.3410625980842612
163,Country/Area,204,Barbados,0.000281995,0.000225624,3.505084941182141e-05,2.163796884663404e-05,0.8000992925406479,-0.2991530098435415,-0.22301944334011306,0.6173307982469697,-0.5547472689972544,-0.5547472689972544
164,Country/Area,205,"Bonaire, Sint Eustatius and Saba",2.7148e-05,2.8622e-05,3.374387701314306e-06,2.74492937067138e-06,1.054294975688817,0.03301618831952666,0.05287227404717221,0.8134599855263356,-0.3196364083691292,-0.3196364083691292
165,Country/Area,206,British Virgin Islands,3.1538e-05,3.2702e-05,3.920047124062568e-06,3.1362127132868236e-06,1.0369078571881538,0.022632051490527,0.03624307012899941,0.8000446459012431,-0.33380757117817406,-0.33380757117817406
166,Country/Area,207,Cayman Islands,6.931e-05,7.6299e-05,8.61495548762688e-06,7.3172862152489556e-06,1.100836820083682,0.059991484593814225,0.09607063611473637,0.8493701709496138,-0.28282340006423234,-0.28282340006423234
167,Country/Area,208,Cuba,0.011194449,0.00758719,0.0013914251889122673,0.0007276326137888403,0.6777635951532763,-0.5217373660443804,-0.38895673155957916,0.5229405214071622,-0.696156583539344,-0.696156583539344
168,Country/Area,209,Curaçao,0.000192077,0.000201588,2.3874402037179456e-05,1.933284962528482e-05,1.0495166001134961,0.030179555475668873,0.04832967731734448,0.8097731451107297,-0.3235075424385042,-0.3235075424385042
169,Country/Area,210,Dominica,7.304e-05,6.1579e-05,9.078579552968797e-06,5.905597292871669e-06,0.8430859802847754,-0.2289546125650057,-0.17068633296086227,0.6504979395086615,-0.5101497626381186,-0.5101497626381186
170,Country/Area,211,Dominican Republic,0.011332972,0.012901371,0.001408643043175902,0.0012372773453926348,1.1383925593392448,0.08093971762126782,0.1296172317033161,0.8783469675916553,-0.2542354850856071,-0.2542354850856071
171,Country/Area,212,Grenada,0.000126183,0.000126246,1.5684041672128446e-05,1.21073423705464e-05,1.0004992748626993,0.00031169529767117847,0.00049915026647515,0.7719529585324889,-0.3642680135600086,-0.3642680135600086
172,Country/Area,213,Guadeloupe,0.000395839,0.000346358,4.920120278843942e-05,3.3216695093529374e-05,0.8749971579354233,-0.17912021071605208,-0.13353464070359955,0.6751195745428838,-0.4784896373428935,-0.4784896373428935
173,Country/Area,214,Haiti,0.011724763,0.01644264,0.0014573410957722493,0.001576894887407451,1.4023857028069568,0.2111739102634528,0.338174859768982,1.0820355591302733,-0.07650574426759249,-0.07650574426759249
174,Country/Area,215,Jamaica,0.002825544,0.001438322,0.00035120380592023096,0.00013793907841111035,0.509042506504942,-0.9057291863238158,-0.6752237560854744,0.39276077333410364,-0.9401091281938708,-0.9401091281938708
175,Country/Area,216,Martinique,0.000366981,0.000263008,4.561426893384504e-05,2.5223198376128094e-05,0.7166801551033978,-0.4468468402173844,-0.33312562563114395,0.5529672833890996,-0.648578136861193,-0.648578136861193
176,Country/Area,217,Montserrat,4.386e-06,2.957e-06,5.451622387639806e-07,2.835845206161439e-07,0.6741906064751482,-0.5288274489949206,-0.39424240912535635,0.5201837186286068,-0.7006609601594951,-0.7006609601594951
177,Country/Area,218,Puerto Rico,0.003260314,0.00175902,0.00040524397613168,0.00016869490816848477,0.5395247206250686,-0.8277186510196521,-0.6170666739712145,0.4162798662148874,-0.8905485188468708,-0.8905485188468708
178,Country/Area,219,Saint Barthélemy,1.0994e-05,6.605e-06,1.3665101807959878e-06,6.33437862248776e-07,0.6007822448608332,-0.6834617485290629,-0.5095227314641799,0.4635441953896022,-0.7989011540125114,-0.7989011540125114
179,Country/Area,220,Saint Kitts and Nevis,4.7755e-05,3.9734e-05,5.935755292333309e-06,3.8106010626181475e-06,0.832038529996859,-0.2466476299475584,-0.18387652914082905,0.6419740833217913,-0.5213902536724055,-0.5213902536724055
180,Country/Area,221,Saint Lucia,0.000180251,0.000141307,2.2404477587653047e-05,1.3551734140921692e-05,0.783945720134701,-0.32651179218249843,-0.24341549555061442,0.6048672229871568,-0.5721284844757011,-0.5721284844757011
181,Country/Area,222,Saint Martin (French part),3.2077e-05,3.4532e-05,3.987042665944415e-06,3.3117148007834567e-06,1.0765345886460704,0.04605155403641894,0.07374716795735217,0.8306193533043137,-0.30184713104242467,-0.30184713104242467
182,Country/Area,223,Saint Vincent and the Grenadines,0.000103698,8.4427e-05,1.288924620048957e-05,8.096784011518154e-06,0.8141622789253409,-0.2757810419994044,-0.2055955729899916,0.6281813447873014,-0.539898903151826,-0.539898903151826
183,Country/Area,224,Sint Maarten (Dutch part),4.4222e-05,3.1227e-05,5.496617538217225e-06,2.9947561127089362e-06,0.7061417394057257,-0.4667175496609087,-0.34793929760852316,0.5448361818676322,-0.6612021300736289,-0.6612021300736289
184,Country/Area,225,Trinidad and Tobago,0.001534937,0.001195773,0.00019078652332003376,0.0001146779550120826,0.7790371852395245,-0.33493698264370664,-0.24969649966845966,0.6010799558400501,-0.5774810637330277,-0.5774810637330277
185,Country/Area,226,Turks and Caicos Islands,4.6062e-05,5.4263e-05,5.725322170986428e-06,5.203972554005349e-06,1.178042638183318,0.10231910509138623,0.16385427997615518,0.9089396890845612,-0.22505917649242702,-0.22505917649242702
186,Country/Area,227,United States Virgin Islands,9.875e-05,5.1317e-05,1.2274229611934128e-05,4.921442963969785e-06,0.5196658227848101,-0.8780238172949302,-0.6545693224844684,0.40095738140540477,-0.9225077238976258,-0.9225077238976258
187,Country/Area,229,Belize,0.000410825,0.000581813,5.1063902585547727e-05,5.579748417086254e-05,1.4162064139232033,0.2172978453125156,0.34798175719237817,1.0926991738906875,-0.0681484506339104,-0.0681484506339104
188,Country/Area,230,Costa Rica,0.005212173,0.00507695,0.0006478522347253016,0.00048689361918908755,0.974056310103291,-0.03525963875242407,-0.026286163762991352,0.7515504201286537,-0.3870940639152002,-0.3870940639152002
189,Country/Area,231,El Salvador,0.006364943,0.005400277,0.000791136930115168,0.0005179015773552208,0.8484407480161252,-0.22046195000278795,-0.16435502819447598,0.6546295055140814,-0.504754317908495,-0.504754317908495
190,Country/Area,232,Guatemala,0.018092026,0.027202663,0.0022487663925983004,0.0026088110065395718,1.5035719603763558,0.25467867277835826,0.4078435842075577,1.1601076106110175,-0.017135082774975663,-0.017135082774975663
191,Country/Area,233,Honduras,0.010593798,0.015590426,0.001316766674576694,0.0014951651956075299,1.4716559632343376,0.24128086401849824,0.3863882723609151,1.1354822570127592,-0.035418983723795594,-0.035418983723795594
192,Country/Area,234,Mexico,0.128455567,0.130579334,0.015966512651029753,0.01252292114804374,1.0165330864951925,0.010239700538564534,0.01639790298614709,0.7843241302436872,-0.35071933051060566,-0.35071933051060566
193,Country/Area,235,Nicaragua,0.00704631,0.00960389,0.000875828120069545,0.0009210397503213319,1.3629672835853093,0.1933703448475515,0.30966414918736185,1.0516215787273386,-0.10080215216792277,-0.10080215216792277
194,Country/Area,236,Panama,0.004468087,0.006269072,0.0005553653241933967,0.0006012214331511973,1.403077424410044,0.21148184290096445,0.3386679844943748,1.0825692692002356,-0.07608551063505709,-0.07608551063505709
195,Country/Area,238,Argentina,0.045773884,0.050616039,0.0056895105057826615,0.004854218855361192,1.1057842284041266,0.06279162407544368,0.10055479220841418,0.8531874315773734,-0.2790020682447799,-0.2790020682447799
196,Country/Area,239,Bolivia (Plurinational State of),0.012388571,0.018835366,0.0015398497723316292,0.0018063639627120783,1.5203824557327879,0.2616215371821318,0.41896191882196165,1.1730780464232529,-0.007660201670536826,-0.007660201670536826
197,Country/Area,240,Brazil,0.216422446,0.204356676,0.026900443497523185,0.0195983733507503,0.9442489897743785,-0.0769485745411795,-0.05736538726106868,0.7285520535211543,-0.4135793207162569,-0.4135793207162569
198,Country/Area,241,Chile,0.01962959,0.018447493,0.0024398794415000104,0.0017691658637046567,0.9397798425743992,-0.08331240460500423,-0.062109641176774054,0.7251038037424478,-0.41762230407118694,-0.41762230407118694
199,Country/Area,242,Colombia,0.052085168,0.051220509,0.006473977837044697,0.004912189208819711,0.9833991319755366,-0.02245491755874692,-0.016740206681587516,0.7587590400312636,-0.3789591398001081,-0.3789591398001081
200,Country/Area,243,Ecuador,0.018190484,0.022753258,0.002261004327779382,0.002182100697458722,1.2508330179669764,0.1397584041915637,0.2238097437323363,0.9651023974827354,-0.17396601278107693,-0.17396601278107693
201,Country/Area,244,Falkland Islands (Malvinas),3.791e-06,3.054e-06,4.712061211022003e-07,2.92887090281266e-07,0.8055921920337641,-0.28997556279551945,-0.2161776297377572,0.6215689422628308,-0.5489167761519435,-0.5489167761519435
202,Country/Area,245,French Guiana,0.000312155,0.000809398,3.8799616653299217e-05,7.762351836918013e-05,2.5929362015665296,0.5949720230786584,0.9527909021530044,2.000625909858819,0.44726100034225946,0.44726100034225946
203,Country/Area,246,Guyana,0.000813834,0.000758429,0.00010115630766581063,7.273544957266873e-05,0.9319210060036813,-0.09457672558440512,-0.07050722539544602,0.7190401790164614,-0.42477860173588855,-0.42477860173588855
204,Country/Area,247,Paraguay,0.006861524,0.008985821,0.0008528599601397135,0.0008617652149568748,1.309595506770799,0.16842609623378793,0.2697183160753156,1.010441637822583,-0.13484340317183363,-0.13484340317183363
205,Country/Area,248,Peru,0.034352719,0.043820328,0.004269905425825338,0.004202491278025765,1.2755999896252754,0.15200197146777303,0.243416648020554,0.9842117936870833,-0.15725729754630569,-0.15725729754630569
206,Country/Area,249,Suriname,0.000623236,0.000736364,7.746573940681902e-05,7.061935473080358e-05,1.1815171139022778,0.10415812975645983,0.1667993024339346,0.9116204824424257,-0.2225494717025377,-0.2225494717025377
207,Country/Area,250,Uruguay,0.003423108,0.00279069,0.00042547861851593527,0.00026763492926556195,0.8152503514350118,-0.27398958054178457,-0.20426003323643005,0.6290208664281877,-0.5387607758320335,-0.5387607758320335
208,Country/Area,251,Venezuela (Bolivarian Republic of),0.028838499,0.037140668,0.003584509958375015,0.003561893314218247,1.2878849207789906,0.15798711024864362,0.2530012764691806,0.9936904501816419,-0.1490894182612813,-0.1490894182612813
209,Country/Area,253,Bermuda,6.4069e-05,4.1852e-05,7.963520172222861e-06,4.013723150769987e-06,0.6532332329207573,-0.5711862808263094,-0.4258210420814965,0.5040136854013437,-0.7275718063497619,-0.7275718063497619
210,Country/Area,254,Canada,0.038781291,0.051632492,0.004820359193734021,0.004951699523854205,1.3313763071992626,0.17872637207236172,0.2862132246222374,1.0272470006573189,-0.12078668490143696,-0.12078668490143696
211,Country/Area,255,Greenland,5.6643e-05,4.5508e-05,7.040498105405415e-06,4.364343714643043e-06,0.8034178980633088,-0.2936008331800573,-0.21888027940703475,0.6198913271906532,-0.5512199344190261,-0.5512199344190261
212,Country/Area,256,Saint Pierre and Miquelon,5.84e-06,4.014000000000001e-06,7.25888617050079e-07,3.849537591319587e-07,0.6873287671232878,-0.5029390694095061,-0.37494254646598907,0.5303206994708952,-0.6842139012813964,-0.6842139012813964
213,Country/Area,257,United States of America,0.339996563,0.391856941,0.042260211458535965,0.03758017002488792,1.152532065449144,0.08864800491767841,0.14196131801715378,0.8892565542829829,-0.24371603642510153,-0.24371603642510153
214,Country/Area,260,Australia,0.026439111,0.03653888,0.0032862756369560846,0.00350418017201583,1.3820010816551282,0.20203046690806994,0.323532508018926,1.066307443176489,-0.08898374090401506,-0.08898374090401506
215,Country/Area,261,New Zealand,0.0052281,0.006137095,0.0006498318970547121,0.0005885644719481683,1.173867179281192,0.10010186387299384,0.1603035798107398,0.905718039720378,-0.22808503090961985,-0.22808503090961985
216,Country/Area,263,Fiji,0.000936375,0.001105515,0.00011638766332025133,0.00010602196189007655,1.1806327593111734,0.10369055835006867,0.16605053145843365,0.9109381429743751,-0.22318756330648482,-0.22318756330648482
217,Country/Area,264,New Caledonia,0.000292991,0.000369895,3.641760818460954e-05,3.5473958827632245e-05,1.262479052257578,0.14554554027325906,0.2330772897584992,0.9740881017722605,-0.16606834646924895,-0.16606834646924895
218,Country/Area,265,Papua New Guinea,0.010329931,0.018042704,0.0012839690629816336,0.001730345473269862,1.7466432254000535,0.34825415638977225,0.5576957890022959,1.3476535558042597,0.11056676043351721,0.11056676043351721
219,Country/Area,266,Solomon Islands,0.000740424,0.001796642,9.203173859429585e-05,0.00017230296255963138,2.426504273227232,0.5535463562069664,0.8864516509278234,1.8722124040185282,0.39072766691462646,0.39072766691462646
220,Country/Area,267,Vanuatu,0.000334506,0.000889789,4.157775646146468e-05,8.533323876040516e-05,2.6600090880283163,0.6109196718223086,0.9783295393397698,2.0523771848895733,0.4690246510422953,0.4690246510422953
221,Country/Area,269,Guam,0.000172952,0.000195208,2.149724111233652e-05,1.8720989888547925e-05,1.1286831028262176,0.07559086661777921,0.12105155739358112,0.8708554642299937,-0.2615350266517463,-0.2615350266517463
222,Country/Area,270,Kiribati,0.000133515,0.000231633,1.659537991531529e-05,2.2214248651971342e-05,1.7348837209302324,0.34403573606276355,0.5509403915161526,1.3385803015856597,0.10480991013045893,0.10480991013045893
223,Country/Area,271,Marshall Islands,4.1996e-05,5.3234e-05,5.219934650964918e-06,5.1052885933310125e-06,1.2675969139918086,0.14807183792637574,0.23712291430327184,0.9780368787542747,-0.16262072478090173,-0.16262072478090173
224,Country/Area,272,Micronesia (Fed. States of),0.000115224,0.000130548,1.4321881851194917e-05,1.2519916130333565e-05,1.1329931264319932,0.07797087605857154,0.1248629153301969,0.8741809393776693,-0.25828704351863296,-0.25828704351863296
225,Country/Area,273,Nauru,1.278e-05,1.4126e-05,1.588502829777399e-06,1.354722671025921e-06,1.105320813771518,0.06252987249476254,0.1001356220373418,0.8528298757993159,-0.2793592788946818,-0.2793592788946818
226,Country/Area,274,Northern Mariana Islands,4.9796e-05,4.5443e-05,6.189443420312626e-06,4.35811003393961e-06,0.9125833400273113,-0.12270356467454326,-0.09147586615918181,0.7041198598951703,-0.4426477687513065,-0.4426477687513065
227,Country/Area,275,Palau,1.8058e-05,1.4984e-05,2.2445370970360146e-06,1.4370072563112275e-06,0.8297707387307565,-0.2503086559710908,-0.18660583474350004,0.6402243287530613,-0.5237161277335698,-0.5237161277335698
228,Country/Area,277,American Samoa,4.3914e-05,2.0837e-05,5.458334371427598e-06,1.9983262279602943e-06,0.47449560504622673,-1.0,-0.7455029232590819,0.3661054988534246,-1.0,-1.0
229,Country/Area,278,Cook Islands,1.7044e-05,1.7549e-05,2.118500957020813e-06,1.682997887146672e-06,1.0296291950246421,0.018233202020938904,0.02919873259380406,0.7944286650280412,-0.33981065193804294,-0.33981065193804294
230,Country/Area,279,French Polynesia,0.000308872,0.000312875,3.839155289820069e-05,3.0005582309021313e-05,1.0129600611256442,0.008040940182251486,0.012876798157268766,0.7815672991552158,-0.35371996421762386,-0.35371996421762386
231,Country/Area,280,Niue,1.935e-06,2.261e-06,2.405127523958738e-07,2.1683618569939172e-07,1.1684754521963825,0.09722706686443491,0.1556998668140877,0.9015579570703532,-0.23200824736199466,-0.23200824736199466
232,Country/Area,281,Samoa,0.000225681,0.000418222,2.80512446891231e-05,4.010865247924414e-05,1.853155560281991,0.3852180237958677,0.6168898942825397,1.4298350366889891,0.16101110565832744,0.16101110565832744
233,Country/Area,282,Tokelau,1.893e-06,2.795e-06,2.3529232056092458e-07,2.680482702475895e-07,1.4764923402007395,0.24332966675754067,0.38966923437987666,1.1392138494302597,-0.03262299618465758,-0.03262299618465758
234,Country/Area,283,Tonga,0.000107773,0.000138871,1.3395752384475714e-05,1.3318114968713059e-05,1.2885509357631317,0.15830995491352967,0.2535182813829921,0.9942043258538708,-0.1486488342836748,-0.1486488342836748
235,Country/Area,284,Tuvalu,1.1396e-05,1.4453e-05,1.416477171216216e-06,1.3860828801031884e-06,1.2682520182520183,0.1483944762810941,0.23763958883104308,0.9785423360639618,-0.16218042235341568,-0.16218042235341568
236,Country/Area,285,Wallis and Futuna Islands,1.1502e-05,1.0524e-05,1.429652546799659e-06,1.009280857275718e-06,0.9149713093375066,-0.1191981511286898,-0.08886257011351607,0.7059623399650763,-0.44042075632704425,-0.44042075632704425
237,Development Group,9,More developed regions,1.276138783,1.185376415,0.15861894115682207,0.1136808936075273,0.9288773531460018,-0.09896482881133328,-0.07377856917868357,0.7166917946774982,-1.0,-0.4275663927561161
238,Development Group,10,Less developed regions,6.769172664,9.241849985,0.8413810588431779,0.8863191063924727,1.3652850124728328,0.19443132472616176,0.31136320718756233,1.0534098635534777,-0.18883714393954998,-0.09935423994907389
239,Development Group,11,Least developed countries,1.1511342,2.763707905,0.14308137199949472,0.26504727134341305,2.4008563945020485,0.5469108397717958,0.8758255047473645,1.8524233283445803,1.0,0.38167222154893277
240,Development Group,12,"Less developed regions, excluding least developed countries",5.618038464,6.478142079,0.6982996868436833,0.6212718349531569,1.1530967828916596,0.0889538987722646,0.14245117782630268,0.8896922720405439,-0.5445896812320847,-0.2432985851061319
241,Development Group,13,"Less developed regions, excluding China",5.311382277,8.279239267,0.6601835506294229,0.794002062427646,1.5587729964103278,0.27719352507413003,0.4438989710133571,1.202698948906921,0.09030185191129592,0.013590787151346762
242,Income Group,16,High-income countries,1.255306383,1.217458512,0.15602955724828885,0.11675765589975107,0.969849694455031,-0.04106512893012252,-0.03061417366141743,0.7483047312244522,-0.7441412152776501,-0.39078233024541986
243,Income Group,17,Middle-income countries,6.002745465,7.124294745,0.746117226728165,0.6832396719610884,1.1868393865006235,0.10696472450804925,0.17129379602626818,0.9157269762517023,-0.40040569495725353,-0.21871933041889124
244,Income Group,18,Upper-middle-income countries,2.531959729,2.112959706,0.3147124565257368,0.20263870994495714,0.8345155263723391,-0.24266025633207627,-0.18090393045436098,0.6438852538027379,-1.0,-0.5188570488263302
245,Income Group,19,Lower-middle-income countries,3.470785735,5.011335039,0.4314047700781322,0.4806009620161312,1.4438618288835396,0.22937448914786224,0.367321349523662,1.114037199748832,-0.06668121046668107,-0.05166753471419683
246,Income Group,20,Low-income countries,0.757744414,2.047201417,0.09418459670477441,0.1963323072183414,2.701704399499539,0.6206319544736518,0.9938828329239876,2.0845479418864348,1.0,0.4822789389013764
247,Income Group,21,No income group available,0.029515186,0.038271726,0.003668619443067783,0.003670364920819212,1.2966791400196496,0.16223663733953986,0.2598064884684066,1.0004757859948452,-0.24971844651124386,-0.14329011676340808
248,Region,22,AFRICA,1.460481772,3.583317421,0.18153203659313852,0.34365010248554684,2.453517387000979,0.5604596700463377,0.897522663134074,1.8930548510054892,1.0,0.4001622205593893
249,Region,86,ASIA,4.753079727,5.010681585,0.5907887790686297,0.48053829396089454,1.054196830854043,0.03295805508742422,0.052779179225043694,0.8133842601385498,-0.5628766836006542,-0.3197157424062578
250,Region,143,EUROPE,0.742272652,0.617839208,0.09226151863602305,0.05925249767282314,0.8323615403791005,-0.2461269876993668,-0.18348838882283003,0.6422233077105268,-1.0,-0.5210594862065554
251,Region,198,LATIN AMERICA AND THE CARIBBEAN,0.664997121,0.705303295,0.08265647953852295,0.06764054677090352,1.060611050374758,0.03674599576940092,0.058845204650924104,0.8183332649605395,-0.5516538095793398,-0.3145463648258905
252,Region,252,NORTHERN AMERICA,0.378904407,0.443580807,0.047096300683460664,0.042540632569366674,1.1706931848908266,0.09841113511323436,0.15759603908979689,0.9032690880603738,-0.3689529310636045,-0.23039235725893892
253,Region,258,OCEANIA,0.045575768,0.066504084,0.0056648854802252135,0.0063779265404652575,1.459198317842938,0.23597234604155873,0.3778871875432262,1.1258703397851737,0.038612094390384044,-0.04266348307552437
254,SDG region,1,Sub-Saharan Africa,1.196275774,3.122089119,0.1486922889040022,0.2994170260847122,2.609840629440014,0.5990298708090372,0.9592891579530357,2.0136688209704,1.0,0.45279871828535523
255,SDG region,2,Northern Africa and Western Asia,0.562239657,0.918345161,0.06988413819699328,0.08807185398794064,1.6333695952720744,0.30638424175436624,0.49064511738901284,1.2602552776665688,0.2074496245552524,0.05342716502274425
256,SDG region,3,Central and Southern Asia,2.105744443,2.674480507,0.2617356030120135,0.256490115818335,1.27008788549371,0.14929775236174278,0.23908609925235866,0.9799588319918489,-0.21797602266042027,-0.16094772746397235
257,SDG region,4,Eastern and South-Eastern Asia,2.349301625,1.879084219,0.29200878554875914,0.18020940055545354,0.7998480054684336,-0.2995743618996396,-0.22333356252965544,0.617136913250038,-1.0,-0.5550149567469719
258,SDG region,5,Latin America and the Caribbean,0.664997121,0.705303295,0.08265647953852295,0.06764054677090352,1.060611050374758,0.03674599576940092,0.058845204650924104,0.8183332649605395,-0.522791567769969,-0.3145463648258905
259,SDG region,6,Oceania (excluding Australia and New Zealand),0.013908557,0.02382811,0.0017287779462144173,0.0022851819924040394,1.7131978536666312,0.33618095782129825,0.5383617139370421,1.3218481861178326,0.288145852898563,0.09409054624670432
260,SDG region,7,Australia/New Zealand,0.031667211,0.042675974,0.003936107534010797,0.004092744548061218,1.3476391716340286,0.18630788871126822,0.29835429982892275,1.0397949021201693,-0.11774422506334103,-0.11044023931826796
261,SDG region,8,Europe and Northern America,1.121177059,1.061420015,0.1393578193194837,0.1017931302421898,0.9467015102384465,-0.07346910236514007,-0.05477143058243265,0.7304443391785913,-0.7149350692697267,-0.41136878901591567
262,Special other,14,Land-locked Developing Countries (LLDC),0.576816427,1.337354596,0.07169597234362977,0.12825602367279568,2.318509899164158,0.5251169649102713,0.8409246944819103,1.7888874295208759,1.0,0.3519302647557492
263,Special other,15,Small Island Developing States (SIDS),0.074994814,0.088045304,0.009321555106230808,0.008443789424194338,1.1740185661371199,0.10018239061892799,0.16043253570770624,0.9058348449337874,-1.0,-0.2279751365923639
264,Subregion,23,Eastern Africa,0.485066925,1.224384572,0.06029187660359322,0.11742188430856358,2.5241559646640512,0.5781841559504093,0.9259067354260009,1.9475572983171265,0.6637119761451498,0.4243507091732679
265,Subregion,44,Middle Africa,0.202105149,0.668505752,0.025120860805875028,0.0641115600980909,3.3077126204241334,0.7470048106810623,1.1962568992716285,2.552124331786317,1.0,0.6547391394409086
266,Subregion,54,Northern Africa,0.264205998,0.461228302,0.03283974768913629,0.04423307640083464,1.7457147282477667,0.3479221161076147,0.5571640581851879,1.3469371573602975,0.2050337032106937,0.11011362725787621
267,Subregion,62,Southern Africa,0.069235158,0.090289316,0.008605652926688993,0.008658996413466192,1.304096337875043,0.16579841756678798,0.2655103395140915,1.0061986565379326,-0.1577537695493586,-0.13842937885889495
268,Subregion,68,Western Africa,0.439868541,1.138909479,0.054673898443548974,0.10922458526459156,2.589204211810183,0.5940726077589974,0.9513505743718834,1.9977464269786138,0.6953615161220434,0.4460335742077859
269,Subregion,87,Central Asia,0.078165568,0.122582182,0.009715667132954438,0.011755972038738892,1.5682375902392214,0.28097362164047757,0.4499524348368142,1.210001524122206,0.07167338103725407,0.018749459919026545
270,Subregion,93,Eastern Asia,1.662476937,1.101548178,0.20663922682818175,0.10564153263230192,0.6625945620561713,-0.5520997749130095,-0.41159199612832975,0.5112365849110618,-1.0,-0.7154460228298818
271,Subregion,102,Southern Asia,2.027578876,2.551898325,0.2520199360033551,0.24473414377959604,1.2585938604935434,0.1436208700125519,0.2299951140545774,0.9710904131661153,-0.20193108690937034,-0.16869493123670287
272,Subregion,112,South-Eastern Asia,0.686824689,0.777536041,0.0853695588448734,0.07456786792315163,1.1320735166525149,0.0774638251569245,0.12405092171154247,0.8734713981438077,-0.33371485421006664,-0.2589790125284832
273,Subregion,124,Western Asia,0.298033659,0.457116859,0.037044390507856996,0.043838777587106,1.5337759517961023,0.2670984284457664,0.4277326373862906,1.1834120358332778,0.04403421977764288,-0.00018592440873788085
274,Subregion,144,Eastern Europe,0.288176491,0.216923999,0.0358191839928655,0.020803614564271856,0.7527470344553541,-0.38098583168616657,-0.2840260512423297,0.5807953237688368,-0.8413209782947078,-0.6067362022777637
275,Subregion,155,Northern Europe,0.106896543,0.113590438,0.013286812288647998,0.010893638791615765,1.0626203131751417,0.03792786245622322,0.06073785133527606,0.8198835473067595,-0.41246985482909826,-0.3129334791798952
276,Subregion,170,Southern Europe,0.151357685,0.105174216,0.018813154219957447,0.010086499704274186,0.6948719914684214,-0.4882980655898617,-0.3640276353189968,0.5361408079871149,-0.9408347874661429,-0.6749123746616373
277,Subregion,188,Western Europe,0.195841934,0.182150555,0.024342368258848092,0.01746874461266133,0.9300896456629151,-0.09721531872416701,-0.07247430429442986,0.7176271604679096,-0.5781721866972541,-0.42645491741960406
278,Subregion,199,Caribbean,0.044634385,0.043724776,0.005547875342556643,0.00419332757558616,0.9796208909341979,-0.027618440524997578,-0.020589628147242786,0.7558438711518952,-0.5136329426232262,-0.3822395601124009
279,Subregion,228,Central America,0.180643728,0.200304427,0.022453292105597714,0.019209751406184104,1.108836875864298,0.06451312171533403,0.10331160635385603,0.8555427558614008,-0.3595124467786488,-0.27665275180837245
280,Subregion,237,South America,0.439719008,0.461274092,0.054655312090368606,0.04423746778913326,1.0490201324205661,0.02988409229821995,0.047856521241974974,0.809390086657813,-0.42849291536688194,-0.3239107590814142
281,Subregion,259,Australia/New Zealand,0.031667211,0.042675974,0.003936107534010797,0.004092744548061218,1.3476391716340286,0.18630788871126822,0.29835429982892275,1.0397949021201693,-0.1168992335182708,-0.11044023931826796
282,Subregion,262,Melanesia,0.012634228,0.022204547,0.001570383953838251,0.0021294777871131675,1.7574913955961535,0.352120549729305,0.5638874488705865,1.3560236539022246,0.2133969153317261,0.11584320183645702
283,Subregion,268,Micronesia,0.000544321,0.000685176,6.765692087693768e-05,6.57102832254606e-05,1.2587719378822424,0.14370921692790936,0.23013659320640426,0.9712278119334183,-0.20175510127759655,-0.1685743647859883
284,Subregion,276,Polynesia,0.000730009,0.000938388,9.073719579522451e-05,8.999401796819142e-05,1.2854471657198747,0.15680400522096685,0.2511066467001555,0.9918095570342477,-0.17567049400666912,-0.1507039938628455
285,World,0,WORLD,8.045311447,10.4272264,1.0,1.0,1.296062491637684,0.16193960256095155,0.25933081562382887,1.0,0.0,-0.14369547815999228
