,Unnamed: 0,Variant,"Region, subregion, country or area *",Type,Year,"Total Population, as of 1 July (thousands)","Male Population, as of 1 July (thousands)","Female Population, as of 1 July (thousands)","Population Density, as of 1 July (persons per square km)","Population Sex Ratio, as of 1 July (males per 100 females)","Median Age, as of 1 July (years)","Natural Change, Births minus Deaths (thousands)",Population Change (thousands),Population Growth Rate (percentage),Births (thousands),Births by women aged 15 to 19 (thousands),Total Fertility Rate (live births per woman),Mean Age Childbearing (years),Total Deaths (thousands),Male Deaths (thousands),Female Deaths (thousands),"Life Expectancy at Birth, both sexes (years)",Male Life Expectancy at Birth (years),Female Life Expectancy at Birth (years),Net Number of Migrants (thousands),"Net Migration Rate (per 1,000 population)","Total Population, as of 1 July",Total Population (Billions),Births (Millions),Births (single)
0,0,Estimates,WORLD,World,1950,2499322.157,1245362.965,1253959.192,19.166,99.314,22.224,43294.722,43294.85,1.732,92083.258,10629.041,4.86,28.945,48788.536,25784.509,23004.027,46.464,44.595,48.441,0,0,2499322157.0,2.499322157,92.083258,92083258
1,1,Estimates,WORLD,World,1951,2543130.38,1267473.182,1275657.198,19.502,99.358,22.172,44322.348,44321.597,1.743,92836.9,10741.899,4.827,28.91,48514.552,25505.184,23009.368,47.144,45.403,48.965,0,0,2543130380.0,2.54313038,92.8369,92836900
2,2,Estimates,WORLD,World,1952,2590270.899,1291399.982,1298870.917,19.864,99.425,22.108,49960.072,49959.439,1.929,97606.684,11231.717,5.014,28.98,47646.612,24935.224,22711.388,48.231,46.624,49.891,0,0,2590270899.0,2.590270899,97.60668399999999,97606684
3,3,Estimates,WORLD,World,1953,2640278.797,1316659.222,1323619.574,20.247,99.474,22.036,50056.756,50056.357,1.896,97555.839,11200.749,4.937,28.928,47499.083,24806.138,22692.945,48.802,47.24,50.407,0,0,2640278797.0,2.640278797,97.555839,97555839
4,4,Estimates,WORLD,World,1954,2691979.339,1342923.171,1349056.168,20.643,99.545,21.952,53345.249,53344.728,1.982,100348.054,11471.273,5.01,28.943,47002.805,24539.831,22462.974,49.592,48.029,51.189,0,0,2691979339.0,2.691979339,100.348054,100348054
5,5,Estimates,WORLD,World,1955,2746072.141,1370392.335,1375679.806,21.058,99.616,21.845,54841.257,54840.876,1.997,101807.356,11564.618,5.012,28.927,46966.099,24565.631,22400.468,50.123,48.512,51.773,0,0,2746072141.0,2.746072141,101.807356,101807356
6,6,Estimates,WORLD,World,1956,2801002.631,1398204.9,1402797.731,21.48,99.673,21.742,55020.618,55020.104,1.964,101827.191,11523.879,4.939,28.872,46806.573,24496.325,22310.248,50.642,49.006,52.319,0,0,2801002631.0,2.801002631,101.827191,101827191
7,7,Estimates,WORLD,World,1957,2857866.857,1426956.255,1430910.602,21.916,99.724,21.634,58708.839,58708.347,2.054,105977.909,11871.441,5.076,28.912,47269.07,24758.646,22510.424,50.945,49.283,52.647,0,0,2857866857.0,2.857866857,105.977909,105977909
8,8,Estimates,WORLD,World,1958,2916108.097,1456539.031,1459569.066,22.362,99.792,21.532,57774.656,57774.134,1.981,104557.392,11690.449,4.935,28.816,46782.736,24528.202,22254.534,51.537,49.831,53.283,0,0,2916108097.0,2.916108097,104.55739200000001,104557392
9,9,Estimates,WORLD,World,1959,2970292.188,1483988.508,1486303.68,22.778,99.844,21.478,50594.592,50594.048,1.703,101921.643,11514.159,4.741,28.68,51327.051,26899.305,24427.746,49.345,47.661,51.081,0,0,2970292188.0,2.970292188,101.921643,101921643
10,10,Estimates,WORLD,World,1960,3019233.434,1508544.522,1510688.911,23.153,99.858,21.461,47288.762,47288.444,1.566,102262.439,11584.565,4.695,28.63,54973.677,28803.966,26169.711,47.697,46.036,49.417,0,0,3019233434.0,3.019233434,102.262439,102262439
11,11,Estimates,WORLD,World,1961,3068370.609,1533166.886,1535203.724,23.53,99.867,21.448,50986.67,50985.907,1.662,100989.852,11608.613,4.574,28.522,50003.182,26232.774,23770.408,50.359,48.614,52.153,0,0,3068370609.0,3.068370609,100.989852,100989852
12,12,Estimates,WORLD,World,1962,3126686.743,1562522.051,1564164.691,23.977,99.895,21.371,65646.912,65646.359,2.1,112053.316,12404.759,5.03,28.732,46406.404,24371.885,22034.519,53.124,51.317,54.971,0,0,3126686743.0,3.126686743,112.05331600000001,112053316
13,13,Estimates,WORLD,World,1963,3195779.247,1597443.477,1598335.771,24.507,99.944,21.204,72539.147,72538.65,2.27,119818.714,13149.185,5.317,28.818,47279.567,24835.053,22444.514,53.576,51.747,55.442,0,0,3195779247.0,3.195779247,119.81871400000001,119818714
14,14,Estimates,WORLD,World,1964,3267212.338,1633558.673,1633653.665,25.055,99.994,21.008,70327.866,70327.532,2.153,117393.293,13123.838,5.133,28.767,47065.427,24735.934,22329.493,54.164,52.3,56.06,0,0,3267212338.0,3.267212338,117.393293,117393293
15,15,Estimates,WORLD,World,1965,3337111.983,1668776.95,1668335.033,25.591,100.026,20.815,69472.38,69471.758,2.082,117932.234,13390.305,5.081,28.789,48459.854,25554.451,22905.403,53.892,51.923,55.914,0,0,3337111983.0,3.337111983,117.932234,117932234
16,16,Estimates,WORLD,World,1966,3406417.036,1703570.404,1702846.631,26.122,100.043,20.633,69138.789,69138.347,2.03,117182.361,13670.762,4.963,28.777,48043.572,25248.589,22794.983,54.472,52.567,56.411,0,0,3406417036.0,3.406417036,117.182361,117182361
17,17,Estimates,WORLD,World,1967,3475448.166,1738207.396,1737240.77,26.652,100.056,20.491,68924.287,68923.913,1.983,116839.776,13782.437,4.856,28.736,47915.489,25186.786,22728.703,54.92,52.983,56.891,0,0,3475448166.0,3.475448166,116.839776,116839776
18,18,Estimates,WORLD,World,1968,3546810.808,1774117.118,1772693.69,27.199,100.08,20.401,73802.05,73801.371,2.081,121750.025,14476.043,4.963,28.78,47947.975,25198.51,22749.465,55.486,53.527,57.478,0,0,3546810808.0,3.546810808,121.750025,121750025
19,19,Estimates,WORLD,World,1969,3620655.275,1811408.83,1809246.445,27.765,100.12,20.343,73887.969,73887.564,2.041,122122.848,14867.284,4.867,28.752,48234.879,25347.52,22887.359,55.829,53.857,57.832,0,0,3620655275.0,3.620655275,122.122848,122122848
20,20,Estimates,WORLD,World,1970,3695390.336,1849178.862,1846211.474,28.338,100.161,20.32,75583.057,75582.558,2.045,124117.185,15283.482,4.828,28.714,48534.128,25451.362,23082.766,56.112,54.172,58.074,0,0,3695390336.0,3.695390336,124.11718499999999,124117185
21,21,Estimates,WORLD,World,1971,3770163.092,1886958.546,1883204.546,28.912,100.199,20.332,73963.464,73962.954,1.962,123647.417,15668.857,4.682,28.629,49683.953,26355.96,23327.993,55.892,53.64,58.222,0,0,3770163092.0,3.770163092,123.647417,123647417
22,22,Estimates,WORLD,World,1972,3844800.885,1924815.839,1919985.046,29.484,100.252,20.379,75313.23,75312.632,1.959,123275.037,15789.657,4.547,28.593,47961.807,25156.942,22804.865,57.123,55.134,59.127,0,0,3844800885.0,3.844800885,123.275037,123275037
23,23,Estimates,WORLD,World,1973,3920251.504,1963205.826,1957045.677,30.063,100.315,20.457,75589.116,75588.605,1.928,123269.476,15983.09,4.421,28.512,47680.36,25003.265,22677.095,57.633,55.633,59.644,0,0,3920251504.0,3.920251504,123.269476,123269476
24,24,Estimates,WORLD,World,1974,3995517.077,2001478.755,1994038.322,30.64,100.373,20.562,74943.073,74942.542,1.876,122436.994,16126.424,4.265,28.415,47493.921,24934.754,22559.167,58.042,56.01,60.088,0,0,3995517077.0,3.995517077,122.43699400000001,122436994
25,25,Estimates,WORLD,World,1975,4069437.231,2038952.421,2030484.809,31.207,100.417,20.692,72898.243,72897.765,1.791,120491.005,16016.213,4.084,28.373,47592.762,25075.383,22517.379,58.275,56.15,60.429,0,0,4069437231.0,4.069437231,120.491005,120491005
26,26,Estimates,WORLD,World,1976,4142505.882,2075816.86,2066689.022,31.767,100.442,20.84,73240.167,73239.539,1.768,120647.815,16056.132,3.977,28.306,47407.648,24939.127,22468.521,58.711,56.613,60.829,0,0,4142505882.0,4.142505882,120.64781500000001,120647815
27,27,Estimates,WORLD,World,1977,4215772.49,2112756.766,2103015.723,32.329,100.463,21.007,73294.319,73293.675,1.739,120040.242,15763.595,3.852,28.25,46745.923,24652.766,22093.157,59.365,57.202,61.553,0,0,4215772490.0,4.21577249,120.04024199999999,120040242
28,28,Estimates,WORLD,World,1978,4289657.708,2149991.443,2139666.265,32.895,100.483,21.177,74477.154,74476.762,1.736,121337.099,15833.293,3.79,28.187,46859.945,24773.353,22086.592,59.74,57.51,62.007,0,0,4289657708.0,4.289657707999999,121.337099,121337099
29,29,Estimates,WORLD,World,1979,4365582.871,2188175.857,2177407.013,33.478,100.495,21.345,77374.062,77373.564,1.772,124287.659,16330.754,3.776,28.091,46913.597,24834.335,22079.262,60.204,57.929,62.52,0,0,4365582871.0,4.365582871,124.287659,124287659
30,30,Estimates,WORLD,World,1980,4444007.706,2227803.134,2216204.572,34.079,100.523,21.505,79476.609,79476.105,1.788,126793.222,16689.962,3.75,28.021,47316.613,25072.784,22243.829,60.552,58.238,62.916,0,0,4444007706.0,4.444007706,126.793222,126793222
31,31,Estimates,WORLD,World,1981,4524627.658,2268641.817,2255985.841,34.697,100.561,21.642,81764.355,81763.801,1.807,129152.54,17275.997,3.716,27.92,47388.185,25151.86,22236.325,60.992,58.629,63.408,0,0,4524627658.0,4.524627658,129.15254,129152540
32,32,Estimates,WORLD,World,1982,4607984.871,2310661.658,2297323.212,35.336,100.581,21.741,84951.1,84950.623,1.844,132513.06,17929.258,3.713,27.847,47561.96,25273.064,22288.896,61.416,59.019,63.872,0,0,4607984871.0,4.607984871,132.51306,132513060
33,33,Estimates,WORLD,World,1983,4691884.238,2352811.898,2339072.34,35.98,100.587,21.826,82848.746,82848.112,1.766,130982.626,18048.395,3.578,27.813,48133.88,25568.084,22565.796,61.565,59.158,64.033,0,0,4691884238.0,4.691884238,130.982626,130982626
34,34,Estimates,WORLD,World,1984,4775836.074,2394948.669,2380887.405,36.624,100.591,21.916,85055.745,85055.56,1.781,133397.031,18231.84,3.552,27.761,48341.286,25685.341,22655.945,61.907,59.484,64.39,0,0,4775836074.0,4.775836074,133.397031,133397030
35,35,Estimates,WORLD,World,1985,4861730.613,2438068.618,2423661.995,37.282,100.594,22.04,86734.08,86733.518,1.784,135419.518,18351.334,3.515,27.699,48685.438,25816.261,22869.177,62.236,59.837,64.689,0,0,4861730613.0,4.861730613,135.419518,135419518
36,36,Estimates,WORLD,World,1986,4950063.339,2482642.236,2467421.104,37.96,100.617,22.224,89932.51,89931.935,1.817,138419.612,18484.625,3.505,27.644,48487.102,25706.956,22780.146,62.767,60.367,65.214,0,0,4950063339.0,4.950063339,138.419612,138419612
37,37,Estimates,WORLD,World,1987,5040984.495,2528768.146,2512216.35,38.657,100.659,22.417,91910.865,91910.376,1.823,140544.952,18135.443,3.48,27.649,48634.087,25821.491,22812.596,63.158,60.728,65.639,0,0,5040984495.0,5.040984495,140.544952,140544952
38,38,Estimates,WORLD,World,1988,5132293.974,2575089.263,2557204.711,39.357,100.699,22.604,90709.2,90708.581,1.767,139993.375,18418.941,3.391,27.604,49284.175,26188.368,23095.807,63.281,60.828,65.79,0,0,5132293974.0,5.132293974,139.993375,139993375
39,39,Estimates,WORLD,World,1989,5223704.308,2621545.962,2602158.345,40.058,100.745,22.783,92112.488,92112.088,1.763,141176.68,18650.568,3.346,27.539,49064.192,26053.801,23010.391,63.792,61.353,66.284,0,0,5223704308.0,5.223704308,141.17668,141176680
40,40,Estimates,WORLD,World,1990,5316175.862,2668605.101,2647570.76,40.767,100.794,22.96,92831.317,92831.02,1.746,142451.012,18640.733,3.308,27.475,49619.695,26364.694,23255.001,63.988,61.533,66.501,0,0,5316175862.0,5.316175862,142.451012,142451012
41,41,Estimates,WORLD,World,1991,5406245.867,2714450.362,2691795.505,41.458,100.842,23.144,87309.54,87308.991,1.615,137391.599,18804.638,3.127,27.343,50082.059,26526.627,23555.432,64.058,61.659,66.509,0,0,5406245867.0,5.406245867,137.39159899999999,137391599
42,42,Estimates,WORLD,World,1992,5492686.093,2758361.747,2734324.345,42.121,100.879,23.353,85572.037,85571.459,1.558,135753.655,18546.8,3.041,27.312,50181.618,26662.23,23519.388,64.303,61.854,66.813,0,0,5492686093.0,5.492686093,135.753655,135753655
43,43,Estimates,WORLD,World,1993,5577433.523,2801260.615,2776172.908,42.771,100.904,23.575,83923.795,83923.402,1.505,134692.831,18393.028,2.976,27.304,50769.036,27006.766,23762.27,64.437,61.963,66.985,0,0,5577433523.0,5.577433523,134.692831,134692831
44,44,Estimates,WORLD,World,1994,5660727.993,2843434.27,2817293.723,43.409,100.928,23.81,82666.1,82665.538,1.46,134185.338,18275.52,2.926,27.27,51519.238,27394,24125.238,64.459,61.997,66.996,0,0,5660727993.0,5.660727993,134.185338,134185337
45,45,Estimates,WORLD,World,1995,5743219.454,2885184.242,2858035.212,44.042,100.95,24.051,82317.672,82317.384,1.433,133673.134,18229.072,2.878,27.223,51355.462,27281.69,24073.772,64.877,62.441,67.383,0,0,5743219454.0,5.743219454,133.673134,133673133
46,46,Estimates,WORLD,World,1996,5825145.298,2926632.435,2898512.863,44.67,100.97,24.293,81534.223,81534.304,1.4,133052.993,17998.012,2.833,27.227,51518.77,27286.984,24231.786,65.143,62.766,67.579,0,0,5825145298.0,5.825145298,133.052993,133052992
47,47,Estimates,WORLD,World,1997,5906481.261,2967905.34,2938575.921,45.294,100.998,24.534,81138.364,81137.622,1.374,132597.541,17917.545,2.794,27.254,51459.177,27241.731,24217.446,65.501,63.141,67.914,0,0,5906481261.0,5.906481261,132.597541,132597541
48,48,Estimates,WORLD,World,1998,5987312.48,3008968.271,2978344.209,45.914,101.028,24.777,80525.008,80524.816,1.345,132286.772,18056.295,2.758,27.25,51761.764,27466.173,24295.591,65.722,63.334,68.168,0,0,5987312480.0,5.98731248,132.28677199999998,132286772
49,49,Estimates,WORLD,World,1999,6067758.458,3049822.57,3017935.888,46.531,101.057,25.018,80367.602,80367.14,1.325,132364.211,18034.73,2.73,27.285,51996.609,27532.388,24464.221,66.073,63.713,68.492,0,0,6067758458.0,6.067758458,132.364211,132364211
50,50,Estimates,WORLD,World,2000,6148898.975,3091099.541,3057799.434,47.153,101.089,25.25,81914.209,81913.894,1.332,134014.028,18059.649,2.734,27.317,52099.819,27649.838,24449.981,66.453,64.084,68.882,0,0,6148898975.0,6.148898975,134.014028,134014027
51,51,Estimates,WORLD,World,2001,6230746.982,3132616.862,3098130.121,47.781,101.113,25.47,81782.448,81782.121,1.313,133877.73,18179.019,2.7,27.332,52095.282,27786.009,24309.273,66.834,64.405,69.332,0,0,6230746982.0,6.230746982,133.87773,133877730
52,52,Estimates,WORLD,World,2002,6312407.36,3173877.429,3138529.931,48.407,101.126,25.679,81539.012,81538.634,1.292,134020.459,17903.854,2.672,27.368,52481.447,28000.845,24480.602,67.137,64.71,69.636,0,0,6312407360.0,6.31240736,134.02045900000002,134020459
53,53,Estimates,WORLD,World,2003,6393898.365,3215038.714,3178859.65,49.032,101.138,25.882,81443.575,81443.376,1.274,134302.047,17630.616,2.647,27.392,52858.472,28228.72,24629.752,67.46,65.018,69.977,0,0,6393898365.0,6.393898365,134.302047,134302047
54,54,Estimates,WORLD,World,2004,6475751.478,3256371.438,3219380.041,49.659,101.149,26.08,82263.098,82262.85,1.27,135228.145,16985.63,2.636,27.458,52965.047,28345.632,24619.415,67.807,65.352,70.338,0,0,6475751478.0,6.475751478,135.22814499999998,135228145
55,55,Estimates,WORLD,World,2005,6558176.119,3298026.087,3260150.032,50.291,101.162,26.273,82586.881,82586.432,1.259,135800.237,16096.934,2.619,27.556,53213.356,28521.658,24691.698,68.205,65.72,70.77,0,0,6558176119.0,6.558176119,135.80023699999998,135800237
56,56,Estimates,WORLD,World,2006,6641416.218,3340199.243,3301216.976,50.93,101.181,26.47,83894.046,83893.766,1.263,136909.897,15741.743,2.612,27.629,53015.851,28447.704,24568.147,68.703,66.201,71.284,0,0,6641416218.0,6.641416218,136.909897,136909897
57,57,Estimates,WORLD,World,2007,6725948.544,3383117.609,3342830.936,51.578,101.205,26.675,85171.001,85170.887,1.266,138562.817,15706.062,2.612,27.662,53391.816,28693.156,24698.66,69.051,66.528,71.656,0,0,6725948544.0,6.725948544,138.56281700000002,138562817
58,58,Estimates,WORLD,World,2008,6811597.272,3426553.494,3385043.778,52.235,101.226,26.886,86126.739,86126.568,1.264,140164.401,15934.733,2.613,27.69,54037.662,29006.143,25031.519,69.301,66.798,71.886,0,0,6811597272.0,6.811597272,140.16440100000003,140164401
59,59,Estimates,WORLD,World,2009,6898305.908,3470393.479,3427912.43,52.9,101.239,27.102,87290.699,87290.704,1.265,141200.888,15519.595,2.605,27.726,53910.189,28988.168,24922.021,69.796,67.266,72.409,0,0,6898305908.0,6.898305908,141.20088800000002,141200888
60,60,Estimates,WORLD,World,2010,6985603.105,3514408.098,3471195.007,53.569,101.245,27.327,87304.126,87303.69,1.25,141633.32,15365.844,2.587,27.728,54329.194,29191.605,25137.589,70.109,67.59,72.707,0,0,6985603105.0,6.985603105,141.63332,141633320
61,61,Estimates,WORLD,World,2011,7073125.425,3558591.636,3514533.789,54.24,101.254,27.554,87741.119,87740.95,1.24,142134.919,15127.233,2.573,27.741,54393.8,29248.069,25145.731,70.53,67.999,73.14,0,0,7073125425.0,7.073125425,142.134919,142134919
62,62,Estimates,WORLD,World,2012,7161697.921,3603431.424,3558266.498,54.92,101.269,27.775,89404.277,89404.042,1.248,144194.06,14997.34,2.59,27.759,54789.783,29482.549,25307.234,70.873,68.331,73.495,0,0,7161697921.0,7.161697921,144.19406,144194060
63,63,Estimates,WORLD,World,2013,7250593.37,3648401.067,3602192.303,55.601,101.283,27.993,88387.142,88386.856,1.219,143421.589,14890.255,2.56,27.779,55034.447,29637.536,25396.911,71.207,68.654,73.84,0,0,7250593370.0,7.25059337,143.421589,143421589
64,64,Estimates,WORLD,World,2014,7339013.419,3693112.764,3645900.655,56.279,101.295,28.22,88453.28,88453.242,1.205,143670.855,14762.908,2.553,27.854,55217.575,29720.761,25496.814,71.565,69.028,74.176,0,0,7339013419.0,7.339013419,143.67085500000002,143670855
65,65,Estimates,WORLD,World,2015,7426597.537,3737402.732,3689194.805,56.951,101.307,28.456,86715.047,86714.993,1.168,142608.081,13737.621,2.524,27.989,55893.034,30032.499,25860.535,71.8,69.286,74.386,0,0,7426597537.0,7.426597537,142.608081,142608081
66,66,Estimates,WORLD,World,2016,7513474.238,3781091.377,3732382.861,57.617,101.305,28.699,87038.285,87038.41,1.158,143238.9,13343.928,2.526,28.131,56200.615,30267.32,25933.295,72.11,69.576,74.718,0,0,7513474238.0,7.513474238,143.2389,143238900
67,67,Estimates,WORLD,World,2017,7599822.404,3824259.774,3775562.63,58.279,101.29,28.947,85658.158,85657.921,1.127,142624.116,13193.334,2.504,28.174,56965.958,30752.012,26213.946,72.327,69.76,74.975,0,0,7599822404.0,7.599822404,142.62411600000001,142624116
68,68,Estimates,WORLD,World,2018,7683789.828,3866135.266,3817654.563,58.923,101.27,29.204,82277.038,82276.928,1.071,139628.713,13021.401,2.443,28.209,57351.675,30909.237,26442.438,72.576,70.028,75.2,0,0,7683789828.0,7.683789828,139.62871299999998,139628713
69,69,Estimates,WORLD,World,2019,7764951.032,3906407.855,3858543.178,59.546,101.24,29.469,80045.723,80045.481,1.031,137984.248,12902.394,2.406,28.236,57938.525,31242.334,26696.191,72.79,70.237,75.419,0,0,7764951032.0,7.764951032,137.98424799999998,137984248
70,70,Estimates,WORLD,World,2020,7840952.88,3943612.192,3897340.688,60.128,101.187,29.736,71958.294,71958.214,0.918,135132.602,12798.699,2.349,28.226,63174.308,34316.609,28857.699,72.036,69.408,74.789,0,0,7840952880.0,7.84095288,135.13260200000002,135132602
71,71,Estimates,WORLD,World,2021,7909295.151,3976648.226,3932646.925,60.653,101.119,29.996,64726.542,64726.329,0.818,133974.696,12805.79,2.321,28.213,69248.154,37524.842,31723.312,71.048,68.437,73.807,0,0,7909295151.0,7.909295151,133.974696,133974696
20592,0,Low,WORLD,World,2022,7967949.823,4004893.359,3963056.464,61.102,101.056,30.271,52583.337,52583.015,0.66,119431.033,11602.562,2.063,28.204,66847.696,35991.586,30856.11,71.656,69.083,74.342,0,0,7967949823.0,7.967949823,119.431033,119431033
20593,1,Low,WORLD,World,2023,8023852.2,4031936.355,3991915.845,61.531,101.003,30.579,59222.343,59221.738,0.738,119677.425,11563.318,2.06,28.237,60455.082,32494.664,27960.418,73.288,70.72,75.923,0,0,8023852200.0,8.0238522,119.677425,119677425
20594,2,Low,WORLD,World,2024,8083067.406,4060752.821,4022314.586,61.985,100.956,30.888,59209.096,59208.675,0.733,119835.339,11522.42,2.056,28.272,60626.243,32605.908,28020.335,73.591,71.012,76.236,0,0,8083067406.0,8.083067406,119.835339,119835339
20595,3,Low,WORLD,World,2025,8141883.0,4089318.622,4052564.378,62.436,100.907,31.19,58423.081,58422.512,0.718,120013.687,11484.087,2.051,28.308,61590.606,33119.562,28471.044,73.703,71.118,76.355,0,0,8141883000.0,8.141883,120.013687,120013687
20596,4,Low,WORLD,World,2026,8199886.941,4117427.113,4082459.828,62.881,100.857,31.485,57586.053,57585.37,0.702,120157.132,11448.944,2.046,28.347,62571.079,33638.573,28932.506,73.856,71.269,76.511,0,0,8199886941.0,8.199886941,120.157132,120157132
20597,5,Low,WORLD,World,2027,8252716.936,4142844.175,4109872.761,63.286,100.802,31.793,48075.188,48074.621,0.583,111517.517,10723.395,1.89,28.35,63442.329,34093.533,29348.796,73.971,71.38,76.631,0,0,8252716936.0,8.252716936,111.51751700000001,111517517
20598,6,Low,WORLD,World,2028,8300368.798,4165570.825,4134797.972,63.652,100.744,32.115,47229.672,47229.101,0.569,111683.711,10659.018,1.885,28.392,64454.039,34626.195,29827.844,74.115,71.522,76.78,0,0,8300368798.0,8.300368798,111.683711,111683711
20599,7,Low,WORLD,World,2029,8347165.872,4187832.698,4159333.174,64.01,100.685,32.43,46365.524,46365.049,0.555,111875.963,10584.952,1.878,28.434,65510.439,35173.338,30337.101,74.262,71.669,76.928,0,0,8347165872.0,8.347165872,111.875963,111875963
20600,8,Low,WORLD,World,2030,8393068.366,4209616.904,4183451.462,64.362,100.625,32.738,45440.327,45439.938,0.541,112030.041,10489.509,1.871,28.475,66589.714,35730.483,30859.231,74.412,71.819,77.08,0,0,8393068366.0,8.393068366,112.030041,112030041
20601,9,Low,WORLD,World,2031,8438011.068,4230894.443,4207116.626,64.707,100.565,33.041,44445.983,44445.467,0.527,112157.811,10387.111,1.863,28.515,67711.828,36304.005,31407.823,74.56,71.967,77.228,0,0,8438011068.0,8.438011068,112.157811,112157811
20602,10,Low,WORLD,World,2032,8479031.552,4250156.385,4228875.167,65.022,100.503,33.35,37596.01,37595.499,0.443,106380.375,9831.242,1.757,28.527,68784.365,36841.552,31942.813,74.68,72.087,77.349,0,0,8479031551.999999,8.479031551999999,106.380375,106380375
20603,11,Low,WORLD,World,2033,8516092.932,4267395.425,4248697.507,65.306,100.44,33.667,36527.73,36527.262,0.429,106474.854,9699.079,1.748,28.564,69947.124,37419.094,32528.03,74.821,72.232,77.487,0,0,8516092932.0,8.516092932,106.47485400000001,106474854
20604,12,Low,WORLD,World,2034,8552075.421,4284092.654,4267982.768,65.582,100.377,33.98,35438.133,35437.717,0.414,106591.162,9569.78,1.74,28.596,71153.029,38019.268,33133.761,74.961,72.374,77.626,0,0,8552075421.0,8.552075421,106.591162,106591162
20605,13,Low,WORLD,World,2035,8586938.568,4300234.287,4286704.281,65.849,100.316,34.293,34289.228,34288.577,0.399,106673.734,9424.336,1.732,28.628,72384.506,38620.91,33763.596,75.101,72.519,77.763,0,0,8586938568.0,8.586938568,106.673734,106673734
20606,14,Low,WORLD,World,2036,8620614.474,4315793.643,4304820.831,66.107,100.255,34.605,33063.548,33063.233,0.384,106684.276,9274.403,1.724,28.655,73620.728,39221.451,34399.277,75.243,72.665,77.901,0,0,8620614474.0,8.620614474,106.684276,106684276
20607,15,Low,WORLD,World,2037,8653114.734,4330779.203,4322335.531,66.357,100.195,34.914,31937.859,31937.287,0.369,106810.476,9114.656,1.719,28.679,74872.617,39827.074,35045.543,75.383,72.811,78.038,0,0,8653114734.0,8.653114734,106.810476,106810476
20608,16,Low,WORLD,World,2038,8684451.817,4345204.706,4339247.111,66.597,100.137,35.217,30737.358,30736.88,0.354,106870.908,8915.953,1.714,28.697,76133.55,40427.975,35705.575,75.523,72.957,78.172,0,0,8684451817.0,8.684451817,106.870908,106870908
20609,17,Low,WORLD,World,2039,8714463.464,4358994.855,4355468.609,66.827,100.081,35.516,29286.981,29286.414,0.336,106678.735,8674.556,1.708,28.71,77391.754,41024.369,36367.385,75.662,73.101,78.305,0,0,8714463464.0,8.714463464,106.678735,106678735
20610,18,Low,WORLD,World,2040,8743022.233,4372086.446,4370935.787,67.046,100.026,35.813,27831.563,27831.124,0.318,106481.993,8397.201,1.703,28.72,78650.43,41620.218,37030.212,75.798,73.244,78.437,0,0,8743022233.0,8.743022233,106.481993,106481993
20611,19,Low,WORLD,World,2041,8770104.278,4384469.107,4385635.171,67.254,99.973,36.11,26333.491,26332.966,0.3,106216.708,8072.207,1.7,28.729,79883.217,42199.336,37683.881,75.936,73.388,78.57,0,0,8770104278.0,8.770104278,106.216708,106216708
20612,20,Low,WORLD,World,2042,8795627.944,4396105.238,4399522.706,67.449,99.922,36.407,24715.027,24714.366,0.281,105832.881,7840.568,1.697,28.731,81117.854,42776.698,38341.156,76.07,73.529,78.698,0,0,8795627944.0,8.795627944,105.832881,105832881
20613,21,Low,WORLD,World,2043,8819452.363,4406920.855,4412531.508,67.632,99.873,36.704,22935.047,22934.472,0.26,105289.415,7716.161,1.695,28.732,82354.368,43361.725,38992.643,76.199,73.663,78.823,0,0,8819452363.0,8.819452363,105.28941499999999,105289415
20614,22,Low,WORLD,World,2044,8841441.379,4416844.451,4424596.928,67.801,99.825,37.003,21044.033,21043.56,0.238,104613.47,7556.064,1.692,28.739,83569.437,43931.831,39637.606,76.326,73.796,78.946,0,0,8841441379.0,8.841441379,104.61347,104613470
20615,23,Low,WORLD,World,2045,8861478.099,4425821.191,4435656.907,67.954,99.778,37.306,19030.295,19029.879,0.215,103794.751,7371.523,1.689,28.745,84764.456,44487.642,40276.814,76.453,73.931,79.065,0,0,8861478099.0,8.861478099,103.794751,103794751
20616,24,Low,WORLD,World,2046,8879462.711,4433797.283,4445665.428,68.092,99.733,37.615,16939.939,16939.346,0.191,102871.273,7154.421,1.687,28.755,85931.334,45039.697,40891.637,76.578,74.06,79.187,0,0,8879462711.0,8.879462711,102.871273,102871273
20617,25,Low,WORLD,World,2047,8895290.693,4440713.232,4454577.461,68.214,99.689,37.929,14717.116,14716.618,0.165,101828.564,6983.462,1.684,28.768,87111.448,45598.36,41513.088,76.694,74.183,79.299,0,0,8895290693.0,8.895290693,101.828564,101828564
20618,26,Low,WORLD,World,2048,8908816.467,4446492.857,4462323.611,68.317,99.645,38.247,12335.561,12334.931,0.138,100594.449,6860.151,1.68,28.784,88258.888,46143.454,42115.434,76.809,74.305,79.408,0,0,8908816467.0,8.908816467,100.594449,100594449
20619,27,Low,WORLD,World,2049,8919882.065,4451047.52,4468834.545,68.402,99.602,38.569,9796.74,9796.263,0.11,99175.469,6718.223,1.674,28.801,89378.729,46687.027,42691.702,76.922,74.422,79.519,0,0,8919882065.0,8.919882065,99.17546899999999,99175469
20620,28,Low,WORLD,World,2050,8928401.172,4454323.552,4474077.621,68.468,99.558,38.894,7242.569,7241.953,0.081,97741.162,6560.062,1.668,28.82,90498.593,47236.656,43261.937,77.03,74.532,79.627,0,0,8928401172.0,8.928401172,97.741162,97741162
20621,29,Low,WORLD,World,2051,8934278.134,4456271.969,4478006.165,68.513,99.515,39.222,4512.427,4511.969,0.051,96107.77,6369.906,1.66,28.841,91595.343,47768.839,43826.504,77.136,74.641,79.73,0,0,8934278134.0,8.934278134,96.10777,96107770
20622,30,Low,WORLD,World,2052,8937547.438,4456910.723,4480636.715,68.538,99.47,39.556,2027.338,2026.639,0.023,94707.174,6229.431,1.657,28.865,92679.836,48299.641,44380.195,77.242,74.75,79.835,0,0,8937547438.0,8.937547438,94.707174,94707174
20623,31,Low,WORLD,World,2053,8938201.425,4456230.703,4481970.722,68.543,99.426,39.896,-718.086,-718.663,-0.008,93034.309,6121.615,1.648,28.89,93752.395,48829.774,44922.621,77.345,74.856,79.937,0,0,8938201425.0,8.938201425,93.034309,93034309
20624,32,Low,WORLD,World,2054,8936183.579,4454204.062,4481979.516,68.527,99.38,40.24,-3316.475,-3317.031,-0.037,91483.592,6013.116,1.641,28.917,94800.067,49339.717,45460.35,77.447,74.962,80.038,0,0,8936183579.0,8.936183579,91.483592,91483592
20625,33,Low,WORLD,World,2055,8931563.135,4450868.162,4480694.973,68.492,99.334,40.585,-5923.314,-5923.856,-0.066,89926.865,5903.908,1.633,28.944,95850.179,49855.499,45994.68,77.546,75.063,80.137,0,0,8931563135.0,8.931563135,89.926865,89926865
20626,34,Low,WORLD,World,2056,8924387.472,4446251.813,4478135.659,68.437,99.288,40.93,-8426.739,-8427.47,-0.094,88466.815,5795.048,1.626,28.974,96893.554,50354.064,46539.49,77.641,75.162,80.229,0,0,8924387472.0,8.924387472,88.466815,88466815
20627,35,Low,WORLD,World,2057,8914747.252,4440407.006,4474340.246,68.363,99.242,41.277,-10852.493,-10852.97,-0.122,87035.678,5681.575,1.618,29.006,97888.171,50829.848,47058.323,77.741,75.265,80.326,0,0,8914747252.0,8.914747252,87.035678,87035678
20628,36,Low,WORLD,World,2058,8902716.291,4433366.954,4469349.337,68.271,99.195,41.624,-13208.249,-13208.953,-0.148,85649.324,5558.153,1.61,29.04,98857.573,51300.361,47557.212,77.839,75.366,80.423,0,0,8902716291.0,8.902716291,85.649324,85649324
20629,37,Low,WORLD,World,2059,8888316.148,4425145.399,4463170.749,68.16,99.148,41.972,-15590.671,-15591.332,-0.175,84208.36,5433.898,1.598,29.072,99799.031,51745.087,48053.944,77.935,75.466,80.515,0,0,8888316148.0,8.888316148,84.20836,84208360
20630,38,Low,WORLD,World,2060,8871693.034,4415821.287,4455871.747,68.033,99.101,42.323,-17654.365,-17654.897,-0.199,83055.269,5315.061,1.591,29.106,100709.634,52177.548,48532.086,78.032,75.567,80.609,0,0,8871693034.0,8.871693034,83.055269,83055269
20631,39,Low,WORLD,World,2061,8853052.277,4405495.077,4447557.2,67.89,99.054,42.67,-19626.133,-19626.616,-0.222,81973.375,5195.179,1.583,29.14,101599.508,52604.937,48994.571,78.126,75.665,80.701,0,0,8853052277.0,8.853052277,81.973375,81973375
20632,40,Low,WORLD,World,2062,8832523.557,4394239.06,4438284.497,67.732,99.008,43.01,-21430.197,-21430.824,-0.243,81016.757,5075.09,1.577,29.174,102446.954,52993.693,49453.261,78.222,75.768,80.791,0,0,8832523557.0,8.832523557,81.016757,81016757
20633,41,Low,WORLD,World,2063,8810184.234,4382092.387,4428091.846,67.561,98.961,43.343,-23247.201,-23247.823,-0.264,79985.815,4942.559,1.567,29.208,103233.016,53369.172,49863.844,78.32,75.87,80.886,0,0,8810184234.0,8.810184234,79.985815,79985815
20634,42,Low,WORLD,World,2064,8786119.888,4369093.683,4417026.206,67.376,98.915,43.668,-24880.078,-24880.867,-0.283,79133.715,4820.692,1.56,29.239,104013.793,53733.996,50279.797,78.415,75.971,80.975,0,0,8786119888.0,8.786119888,79.133715,79133715
20635,43,Low,WORLD,World,2065,8760369.689,4355264.441,4405105.247,67.179,98.869,43.986,-26618.857,-26619.532,-0.304,78133.182,4683.939,1.549,29.27,104752.039,54082.265,50669.774,78.514,76.077,81.067,0,0,8760369689.0,8.760369689,78.133182,78133182
20636,44,Low,WORLD,World,2066,8732965.55,4340616.296,4392349.254,66.969,98.822,44.3,-28188.116,-28188.746,-0.323,77305.697,4554.138,1.541,29.299,105493.813,54436.247,51057.566,78.611,76.179,81.158,0,0,8732965550.0,8.73296555,77.305697,77305697
20637,45,Low,WORLD,World,2067,8704076.99,4325226.719,4378850.271,66.747,98.775,44.586,-29587.871,-29588.374,-0.34,76616.817,4427.004,1.535,29.328,106204.688,54788.15,51416.538,78.705,76.279,81.248,0,0,8704076990.0,8.70407699,76.616817,76616817
20638,46,Low,WORLD,World,2068,8673731.147,4309104.477,4364626.669,66.515,98.728,44.837,-31102.692,-31103.313,-0.359,75799.767,4293.283,1.526,29.355,106902.459,55130.912,51771.547,78.801,76.379,81.341,0,0,8673731147.0,8.673731147,75.799767,75799767
20639,47,Low,WORLD,World,2069,8641908.223,4292243.954,4349664.268,66.271,98.68,45.054,-32541.885,-32542.535,-0.377,75038.251,4159.98,1.518,29.381,107580.136,55458.039,52122.097,78.897,76.482,81.43,0,0,8641908223.0,8.641908223,75.038251,75038251
20640,48,Low,WORLD,World,2070,8608617.261,4274643.696,4333973.566,66.015,98.631,45.274,-34038.785,-34039.387,-0.395,74227.324,4027.242,1.51,29.406,108266.109,55806.7,52459.409,78.992,76.58,81.522,0,0,8608617261.0,8.608617261,74.227324,74227324
20641,49,Low,WORLD,World,2071,8573882.41,4256312.103,4317570.307,65.749,98.581,45.497,-35429.736,-35430.316,-0.413,73478.762,3900.739,1.503,29.43,108908.498,56123.592,52784.906,79.089,76.683,81.614,0,0,8573882410.0,8.57388241,73.478762,73478762
20642,50,Low,WORLD,World,2072,8537771.056,4237296.012,4300475.043,65.472,98.531,45.72,-36791.61,-36792.393,-0.431,72791.358,3781.979,1.498,29.452,109582.968,56441.352,53141.616,79.18,76.78,81.698,0,0,8537771056.0,8.537771056,72.79135799999999,72791358
20643,51,Low,WORLD,World,2073,8500269.805,4217590.772,4282679.033,65.184,98.48,45.942,-38209.639,-38210.108,-0.45,72021.085,3659.321,1.492,29.474,110230.724,56756.423,53474.301,79.274,76.881,81.784,0,0,8500269805.0,8.500269805,72.021085,72021085
20644,52,Low,WORLD,World,2074,8461316.82,4197155.583,4264161.237,64.886,98.429,46.138,-39695.291,-39695.861,-0.469,71171.19,3537.113,1.485,29.496,110866.481,57073.363,53793.118,79.365,76.977,81.872,0,0,8461316820.0,8.46131682,71.17119,71171190
20645,53,Low,WORLD,World,2075,8420879.215,4175974.533,4244904.681,64.576,98.376,46.306,-41178.678,-41179.351,-0.489,70307.161,3421.623,1.478,29.517,111485.839,57372.328,54113.511,79.457,77.074,81.959,0,0,8420879215.0,8.420879215,70.307161,70307161
20646,54,Low,WORLD,World,2076,8378934.666,4154047.723,4224886.942,64.254,98.323,46.47,-42709.021,-42709.747,-0.51,69375.39,3305.745,1.471,29.539,112084.411,57646.908,54437.503,79.547,77.172,82.041,0,0,8378934666.0,8.378934666,69.37539,69375390
20647,55,Low,WORLD,World,2077,8335460.717,4131360.388,4204100.329,63.921,98.27,46.639,-44237.347,-44238.151,-0.531,68406.755,3193.682,1.464,29.561,112644.102,57921.484,54722.618,79.638,77.267,82.127,0,0,8335460717.0,8.335460717,68.406755,68406755
20648,56,Low,WORLD,World,2078,8290501.488,4107926.829,4182574.658,63.576,98.215,46.811,-45679.685,-45680.306,-0.551,67508.683,3092.585,1.459,29.583,113188.368,58184.481,55003.887,79.725,77.357,82.211,0,0,8290501488.0,8.290501488,67.508683,67508683
20649,57,Low,WORLD,World,2079,8244120.347,4083786.939,4160333.408,63.22,98.16,46.984,-47081.318,-47081.976,-0.571,66613.533,2994.823,1.455,29.605,113694.851,58416.802,55278.049,79.811,77.448,82.292,0,0,8244120347.0,8.244120347,66.61353299999999,66613532
20650,58,Low,WORLD,World,2080,8196323.992,4058947.175,4137376.817,62.854,98.104,47.139,-48510.159,-48510.733,-0.592,65632.053,2901.399,1.45,29.628,114142.212,58623.718,55518.494,79.897,77.536,82.374,0,0,8196323992.0,8.196323992,65.632053,65632053
20651,59,Low,WORLD,World,2081,8147114.973,4033410.014,4113704.959,62.476,98.048,47.275,-49906.483,-49907.306,-0.613,64645.687,2809.534,1.445,29.652,114552.17,58805.17,55747,79.981,77.625,82.454,0,0,8147114973.0,8.147114973,64.645687,64645687
20652,60,Low,WORLD,World,2082,8096582.115,4007224.496,4089357.619,62.089,97.992,47.411,-51157.768,-51158.411,-0.632,63731.753,2720.558,1.443,29.678,114889.521,58949.167,55940.354,80.065,77.716,82.531,0,0,8096582115.0,8.096582115,63.731753,63731753
20653,61,Low,WORLD,World,2083,8044796.236,3980424.476,4064371.759,61.692,97.935,47.551,-52412.591,-52413.347,-0.652,62740.319,2634.399,1.438,29.704,115152.91,59059.283,56093.627,80.152,77.804,82.616,0,0,8044796236.0,8.044796236,62.74031900000001,62740319
20654,62,Low,WORLD,World,2084,7991763.029,3953013.879,4038749.15,61.285,97.877,47.696,-53652.647,-53653.067,-0.671,61746.444,2551.05,1.434,29.731,115399.091,59155.31,56243.781,80.234,77.892,82.692,0,0,7991763029.0,7.991763029,61.746444000000004,61746444
20655,63,Low,WORLD,World,2085,7937501.025,3925000.616,4012500.408,60.869,97.819,47.845,-54869.986,-54870.941,-0.691,60697.04,2467.729,1.428,29.759,115567.026,59219.544,56347.482,80.317,77.979,82.77,0,0,7937501025.0,7.937501025,60.69704,60697040
20656,64,Low,WORLD,World,2086,7882041.384,3896393.698,3985647.686,60.444,97.761,47.999,-56047.69,-56048.339,-0.711,59637.092,2386.547,1.422,29.788,115684.782,59263.298,56421.484,80.401,78.065,82.851,0,0,7882041384.0,7.882041384,59.637091999999996,59637092
20657,65,Low,WORLD,World,2087,7825464.112,3867232.058,3958232.053,60.01,97.701,48.159,-57105.493,-57106.206,-0.73,58666.372,2310.042,1.418,29.817,115771.865,59291.287,56480.578,80.481,78.148,82.927,0,0,7825464112.0,7.825464112,58.666372,58666372
20658,66,Low,WORLD,World,2088,7767880.242,3837567.834,3930312.408,59.568,97.64,48.322,-58060.714,-58061.534,-0.747,57777.361,2236.737,1.415,29.847,115838.075,59317.873,56520.202,80.561,78.23,83.004,0,0,7767880242.0,7.767880242,57.777361,57777361
20659,67,Low,WORLD,World,2089,7709305.53,3807411.665,3901893.865,59.119,97.579,48.489,-59087.33,-59087.891,-0.766,56769.38,2158.686,1.409,29.878,115856.71,59305.26,56551.45,80.643,78.318,83.08,0,0,7709305530.0,7.70930553,56.76938,56769380
20660,68,Low,WORLD,World,2090,7649748.957,3776771.701,3872977.257,58.662,97.516,48.658,-60025.189,-60025.253,-0.785,55852.958,2088.521,1.404,29.909,115878.147,59301.545,56576.602,80.723,78.4,83.156,0,0,7649748957.0,7.649748957,55.852958,55852958
20661,69,Low,WORLD,World,2091,7589243.657,3745656.379,3843587.279,58.198,97.452,48.831,-60986.366,-60985.347,-0.804,54900.747,2017.031,1.398,29.94,115887.113,59300.19,56586.923,80.803,78.482,83.233,0,0,7589243657.0,7.589243657,54.900747,54900747
20662,70,Low,WORLD,World,2092,7527844.073,3714100.505,3813743.567,57.727,97.387,49.006,-61816.741,-61813.822,-0.821,54088.866,1949.784,1.394,29.972,115905.607,59281.456,56624.151,80.881,78.566,83.304,0,0,7527844073.0,7.527844073,54.088866,54088866
20663,71,Low,WORLD,World,2093,7465591.598,3682129.386,3783462.212,57.25,97.322,49.182,-62695.259,-62691.128,-0.84,53220.364,1880.474,1.389,30.004,115915.623,59273.664,56641.959,80.961,78.649,83.381,0,0,7465591598.0,7.465591598,53.220364000000004,53220364
20664,72,Low,WORLD,World,2094,7402541.72,3649768.975,3752772.746,56.767,97.255,49.358,-63413.694,-63408.628,-0.857,52498.884,1816.383,1.386,30.036,115912.578,59247.962,56664.616,81.041,78.733,83.455,0,0,7402541720.0,7.40254172,52.498884,52498884
20665,73,Low,WORLD,World,2095,7338726.037,3617044.384,3721681.653,56.277,97.188,49.532,-64228.573,-64222.738,-0.875,51681.325,1749.152,1.38,30.068,115909.898,59216.39,56693.508,81.122,78.818,83.53,0,0,7338726037.0,7.338726037,51.681324999999994,51681325
20666,74,Low,WORLD,World,2096,7274134.743,3583956.709,3690178.034,55.782,97.122,49.706,-64966.339,-64959.849,-0.893,50937.473,1686.713,1.376,30.099,115903.812,59177.722,56726.09,81.2,78.9,83.603,0,0,7274134743.0,7.274134743,50.937473,50937473
20667,75,Low,WORLD,World,2097,7208799.075,3550521.975,3658277.1,55.281,97.054,49.877,-65719.27,-65711.488,-0.912,50162.306,1623.438,1.37,30.131,115881.576,59135.267,56746.309,81.276,78.981,83.674,0,0,7208799075.0,7.208799075,50.162305999999994,50162306
20668,76,Low,WORLD,World,2098,7142781.245,3516778.182,3626003.063,54.775,96.988,50.045,-66333.449,-66324.172,-0.929,49485.706,1565.588,1.367,30.162,115819.155,59055.47,56763.685,81.355,79.064,83.747,0,0,7142781245.0,7.142781245,49.485706,49485706
20669,77,Low,WORLD,World,2099,7076184.77,3482783.152,3593401.619,54.264,96.922,50.209,-66879.366,-66868.777,-0.945,48825.21,1508.688,1.363,30.192,115704.576,58956.122,56748.454,81.436,79.148,83.823,0,0,7076184770.0,7.07618477,48.82521,48825210
20670,78,Low,WORLD,World,2100,7009037.432,3448558.294,3560479.138,53.749,96.857,50.368,-67438.486,-67425.9,-0.962,48131.937,1451.46,1.359,30.223,115570.423,58824.976,56745.447,81.513,79.233,83.891,0,0,7009037432.0,7.009037432,48.131937,48131937
43186,0,Medium,WORLD,World,2022,7975105.156,4008579.598,3966525.558,61.157,101.06,30.242,66894.032,66893.679,0.839,133990.599,12734.491,2.314,28.249,67096.567,36127.636,30968.931,71.713,69.144,74.397,0,0,7975105156.0,7.975105156,133.99059899999997,133990598
43187,1,Medium,WORLD,World,2023,8045311.447,4042987.695,4002323.752,61.696,101.016,30.489,73519.462,73518.905,0.914,134279.612,12694.725,2.312,28.284,60760.15,32662.05,28098.1,73.357,70.793,75.988,0,0,8045311447.0,8.045311447,134.279612,134279612
43188,2,Medium,WORLD,World,2024,8118835.999,4079164.815,4039671.184,62.259,100.978,30.736,73530.654,73530.199,0.906,134484.559,12654.927,2.308,28.32,60953.905,32786.443,28167.462,73.669,71.094,76.309,0,0,8118835999.0,8.118835999,134.48455900000002,134484559
43189,3,Medium,WORLD,World,2025,8191988.453,4115098.916,4076889.537,62.82,100.937,30.977,72775.318,72774.708,0.888,134712.128,12618.577,2.303,28.358,61936.81,33311.018,28625.792,73.789,71.209,76.436,0,0,8191988453.0,8.191988453,134.712128,134712128
43190,4,Medium,WORLD,World,2026,8264364.509,4150587.873,4113776.637,63.375,100.895,31.211,71978.115,71977.405,0.871,134907.058,12586.254,2.298,28.398,62928.943,33836.988,29091.955,73.948,71.366,76.597,0,0,8264364509.0,8.264364509,134.90705799999998,134907058
43191,5,Medium,WORLD,World,2027,8335977.671,4185644.209,4150333.462,63.925,100.851,31.44,71249.404,71248.918,0.855,135198.381,12540.452,2.293,28.439,63948.977,34375.458,29573.519,74.106,71.523,76.757,0,0,8335977671.0,8.335977671,135.19838099999998,135198381
43192,6,Medium,WORLD,World,2028,8406828.792,4220269.876,4186558.916,64.468,100.805,31.662,70453.936,70453.323,0.838,135455.608,12474.242,2.287,28.481,65001.672,34931.629,30070.043,74.26,71.675,76.915,0,0,8406828791.999999,8.406828791999999,135.455608,135455608
43193,7,Medium,WORLD,World,2029,8476889.391,4254455.626,4222433.765,65.005,100.758,31.877,69668.342,69667.876,0.822,135746.893,12396.8,2.281,28.523,66078.551,35490.913,30587.638,74.414,71.83,77.07,0,0,8476889391.000001,8.476889391,135.746893,135746893
43194,8,Medium,WORLD,World,2030,8546141.327,4288200.901,4257940.425,65.536,100.711,32.086,68836.406,68835.995,0.805,136008.957,12297.993,2.273,28.564,67172.551,36057.084,31115.467,74.57,71.986,77.227,0,0,8546141327.0,8.546141327,136.00895699999998,136008957
43195,9,Medium,WORLD,World,2031,8614532.745,4321484.302,4293048.443,66.061,100.662,32.289,67947.322,67946.841,0.789,136253.581,12190.912,2.265,28.604,68306.259,36637.935,31668.324,74.721,72.138,77.378,0,0,8614532745.0,8.614532745,136.253581,136253581
43196,10,Medium,WORLD,World,2032,8682091.984,4354329.857,4327762.127,66.579,100.614,32.487,67172.121,67171.637,0.774,136648.882,12066.715,2.259,28.643,69476.761,37231.7,32245.061,74.871,72.29,77.526,0,0,8682091984.0,8.682091984,136.64888200000001,136648882
43197,11,Medium,WORLD,World,2033,8748798.542,4386738.453,4362060.088,67.09,100.566,32.682,66241.927,66241.479,0.757,136911.076,11918.696,2.25,28.679,70669.149,37826.97,32842.179,75.019,72.442,77.671,0,0,8748798542.0,8.748798542,136.911076,136911076
43198,12,Medium,WORLD,World,2034,8814575.171,4418675.878,4395899.293,67.595,100.518,32.878,65312.155,65311.78,0.741,137204.269,11772.409,2.242,28.712,71892.114,38437.814,33454.3,75.163,72.59,77.814,0,0,8814575171.0,8.814575171,137.204269,137204269
43199,13,Medium,WORLD,World,2035,8879397.401,4450137.504,4429259.896,68.092,100.471,33.073,64333.236,64332.68,0.725,137470.556,11608.386,2.234,28.743,73137.32,39048.202,34089.118,75.307,72.739,77.953,0,0,8879397401.0,8.879397401,137.47055600000002,137470556
43200,14,Medium,WORLD,World,2036,8943206.702,4481101.605,4462105.097,68.581,100.426,33.263,63286.213,63285.922,0.708,137671.818,11437.412,2.226,28.77,74385.605,39656.687,34728.918,75.451,72.887,78.093,0,0,8943206702.0,8.943206702,137.671818,137671818
43201,15,Medium,WORLD,World,2037,9006026.37,4511582.713,4494443.657,69.063,100.381,33.447,62353.915,62353.413,0.692,138003.121,11274.563,2.221,28.796,75649.206,40270.013,35379.193,75.593,73.034,78.23,0,0,9006026370.0,9.00602637,138.00312100000002,138003121
43202,16,Medium,WORLD,World,2038,9067889.026,4541605.356,4526283.67,69.537,100.339,33.629,61372.388,61371.901,0.677,138294.359,11112.734,2.216,28.817,76921.971,40878.802,36043.169,75.733,73.182,78.365,0,0,9067889026.0,9.067889026,138.294359,138294359
43203,17,Medium,WORLD,World,2039,9128661.215,4571109.103,4557552.112,70.003,100.297,33.81,60173.001,60172.476,0.659,138366.561,10953.223,2.209,28.836,78193.56,41484.14,36709.42,75.871,73.326,78.498,0,0,9128661215.0,9.128661215,138.366561,138366561
43204,18,Medium,WORLD,World,2040,9188250.492,4600048.51,4588201.982,70.46,100.258,33.991,59006.444,59006.078,0.642,138473.449,10812.487,2.205,28.854,79467.005,42089.84,37377.165,76.007,73.469,78.628,0,0,9188250492.0,9.188250492,138.473449,138473449
43205,19,Medium,WORLD,World,2041,9246673.3,4628433.548,4618239.753,70.908,100.221,34.173,57840.066,57839.539,0.626,138556.575,10685.394,2.201,28.872,80716.509,42680.245,38036.264,76.145,73.613,78.76,0,0,9246673300.0,9.2466733,138.556575,138556575
43206,20,Medium,WORLD,World,2042,9303896.851,4656251.546,4647645.304,71.347,100.185,34.357,56608.137,56607.561,0.608,138578.249,10584.582,2.197,28.883,81970.112,43270.371,38699.741,76.278,73.754,78.887,0,0,9303896851.0,9.303896851,138.578249,138578249
43207,21,Medium,WORLD,World,2043,9359836.42,4683456.894,4676379.527,71.776,100.151,34.545,55272.011,55271.579,0.591,138500.159,10498.236,2.193,28.893,83228.148,43869.745,39358.403,76.407,73.889,79.011,0,0,9359836420.0,9.35983642,138.50015900000002,138500159
43208,22,Medium,WORLD,World,2044,9414408.423,4710004.555,4704403.868,72.195,100.119,34.737,53872.772,53872.427,0.572,138339.673,10399.914,2.188,28.908,84466.901,44455.699,40011.202,76.535,74.023,79.133,0,0,9414408423.0,9.414408423,138.339673,138339673
43209,23,Medium,WORLD,World,2045,9467543.575,4735864.218,4731679.356,72.602,100.088,34.932,52398.371,52397.875,0.553,138086.249,10307.735,2.183,28.923,85687.878,45028.711,40659.167,76.661,74.159,79.252,0,0,9467543575.0,9.467543575,138.086249,138086249
43210,24,Medium,WORLD,World,2046,9519190.804,4761007.015,4758183.788,72.998,100.059,35.126,50897.052,50896.583,0.535,137779.995,10217.916,2.178,28.941,86882.943,45599.539,41283.404,76.786,74.29,79.373,0,0,9519190804.0,9.519190804,137.77999499999999,137779995
43211,25,Medium,WORLD,World,2047,9569297.886,4785399.56,4783898.327,73.382,100.031,35.32,49318.157,49317.583,0.515,137411.816,10129.301,2.173,28.96,88093.659,46178.426,41915.233,76.904,74.415,79.485,0,0,9569297886.0,9.569297886,137.411816,137411816
43212,26,Medium,WORLD,World,2048,9617774.47,4808993.734,4808780.736,73.754,100.004,35.517,47636.076,47635.584,0.495,136909.723,10031.404,2.166,28.98,89273.647,46744.754,42528.893,77.021,74.539,79.595,0,0,9617774470.0,9.61777447,136.90972299999999,136909723
43213,27,Medium,WORLD,World,2049,9664516.146,4831728.251,4832787.895,74.112,99.978,35.718,45848.294,45847.767,0.474,136276.046,9930.504,2.157,29,90427.752,47310.84,43116.912,77.137,74.66,79.707,0,0,9664516146.0,9.664516146,136.276046,136276046
43214,28,Medium,WORLD,World,2050,9709491.761,4853577.388,4855914.372,74.457,99.952,35.919,44103.995,44103.463,0.454,135687.397,9833.678,2.149,29.02,91583.402,47883.893,43699.509,77.248,74.775,79.817,0,0,9709491761.0,9.709491761,135.687397,135687397
43215,29,Medium,WORLD,World,2051,9752656.916,4874518.172,4878138.743,74.788,99.926,36.117,42227.277,42226.847,0.433,134944.954,9725.531,2.139,29.04,92717.677,48440.617,44277.06,77.358,74.89,79.923,0,0,9752656916.0,9.752656916,134.944954,134944954
43216,30,Medium,WORLD,World,2052,9794102.043,4894597.314,4899504.729,75.106,99.9,36.312,40664.148,40663.408,0.415,134504.577,9634.784,2.133,29.061,93840.429,48996.384,44844.045,77.469,75.005,80.031,0,0,9794102043.0,9.794102043,134.50457699999998,134504577
43217,31,Medium,WORLD,World,2053,9833861.191,4913827.105,4920034.086,75.411,99.874,36.504,38855.516,38854.888,0.395,133807.372,9527.264,2.122,29.082,94951.856,49551.823,45400.033,77.578,75.118,80.138,0,0,9833861191.0,9.833861191,133.80737200000002,133807372
43218,32,Medium,WORLD,World,2054,9871900.602,4932190.995,4939709.607,75.703,99.848,36.694,37224.631,37223.934,0.377,133263.988,9418.994,2.113,29.102,96039.357,50087.721,45951.636,77.686,75.231,80.243,0,0,9871900602.0,9.871900602,133.263988,133263988
43219,33,Medium,WORLD,World,2055,9908304.869,4949734.453,4958570.416,75.982,99.822,36.882,35585.044,35584.6,0.359,132714.688,9309.997,2.103,29.121,97129.644,50629.7,46499.944,77.792,75.341,80.346,0,0,9908304869.0,9.908304869,132.714688,132714688
43220,34,Medium,WORLD,World,2056,9943123.262,4966487.217,4976636.046,76.249,99.796,37.057,34052.885,34052.187,0.342,132266.791,9202.647,2.095,29.141,98213.906,51154.894,47059.012,77.895,75.45,80.444,0,0,9943123262.0,9.943123262,132.26679099999998,132266791
43221,35,Medium,WORLD,World,2057,9976440.15,4982497.873,4993942.277,76.504,99.771,37.218,32582.097,32581.589,0.327,131830.892,9091.166,2.086,29.162,99248.795,51656.935,47591.86,78.002,75.562,80.546,0,0,9976440150.0,9.97644015,131.830892,131830892
43222,36,Medium,WORLD,World,2058,10008310.111,4997790.059,5010520.052,76.749,99.746,37.364,31158.918,31158.331,0.311,131417.752,8969.535,2.077,29.184,100258.834,52153.879,48104.955,78.107,75.672,80.648,0,0,10008310111.0,10.008310111,131.417752,131417752
43223,37,Medium,WORLD,World,2059,10038705.861,5012352.828,5026353.033,76.982,99.721,37.496,29634.121,29633.17,0.295,130875.447,8848.458,2.065,29.204,101241.326,52625.312,48616.014,78.21,75.782,80.746,0,0,10038705861.0,10.038705861,130.875447,130875447
43224,38,Medium,WORLD,World,2060,10067733.606,5026244.57,5041489.037,77.205,99.698,37.618,28422.712,28422.321,0.282,130616.046,8736.032,2.057,29.226,102193.334,53084.632,49108.702,78.314,75.892,80.844,0,0,10067733606.0,10.067733606,130.616046,130616046
43225,39,Medium,WORLD,World,2061,10095573.064,5039552.513,5056020.551,77.418,99.674,37.735,27257.14,27256.594,0.27,130382.676,8624.068,2.049,29.247,103125.536,53539.498,49586.038,78.415,75.998,80.942,0,0,10095573064.0,10.095573064,130.382676,130382676
43226,40,Medium,WORLD,World,2062,10122307.679,5052325.261,5069982.418,77.623,99.652,37.851,26213.275,26212.636,0.259,130229.106,8513.226,2.043,29.268,104015.831,53955.844,50059.987,78.518,76.109,81.036,0,0,10122307679.0,10.122307679,130.229106,130229106
43227,41,Medium,WORLD,World,2063,10147949.115,5064568.18,5083380.935,77.82,99.63,37.967,25070.854,25070.237,0.247,129916.034,8386.915,2.034,29.29,104845.18,54359.326,50485.854,78.621,76.218,81.135,0,0,10147949115.0,10.147949115,129.916034,129916034
43228,42,Medium,WORLD,World,2064,10172513.775,5076284.359,5096229.417,78.008,99.609,38.081,24059.841,24059.083,0.237,129730.585,8275.01,2.027,29.309,105670.744,54753.12,50917.624,78.721,76.326,81.228,0,0,10172513775.0,10.172513775,129.73058500000002,129730585
43229,43,Medium,WORLD,World,2065,10195964.9,5087456.285,5108508.615,78.188,99.588,38.194,22843.838,22843.166,0.224,129297.695,8143.9,2.017,29.328,106453.857,55130.34,51323.517,78.824,76.437,81.323,0,0,10195964900.0,10.1959649,129.297695,129297695
43230,44,Medium,WORLD,World,2066,10218273.016,5098063.718,5120209.298,78.359,99.567,38.308,21773.457,21773.067,0.213,129015.56,8021.962,2.009,29.347,107242.103,55514.589,51727.514,78.925,76.545,81.416,0,0,10218273016.0,10.218273016,129.01556,129015560
43231,45,Medium,WORLD,World,2067,10239583.78,5108171.311,5131412.469,78.522,99.547,38.42,20848.989,20848.459,0.204,128851.429,7903.162,2.003,29.365,108002.44,55898.513,52103.927,79.023,76.649,81.508,0,0,10239583780.0,10.23958378,128.851429,128851429
43232,46,Medium,WORLD,World,2068,10259872.991,5117761.366,5142111.625,78.678,99.526,38.533,19730.597,19729.965,0.192,128481.564,7775.479,1.995,29.383,108750.967,56274.522,52476.445,79.122,76.753,81.603,0,0,10259872991.0,10.259872991,128.481564,128481564
43233,47,Medium,WORLD,World,2069,10279074.87,5126804.752,5152270.118,78.825,99.506,38.646,18674.407,18673.792,0.182,128156.285,7647.342,1.988,29.4,109481.878,56635.962,52845.916,79.22,76.86,81.693,0,0,10279074870.0,10.27907487,128.156285,128156285
43234,48,Medium,WORLD,World,2070,10297166.711,5135283.306,5161883.405,78.964,99.485,38.758,17510.554,17509.89,0.17,127734.032,7518.128,1.981,29.418,110223.478,57021.014,53202.464,79.317,76.961,81.786,0,0,10297166711.0,10.297166711,127.73403200000001,127734032
43235,49,Medium,WORLD,World,2071,10314142.303,5143189.581,5170952.722,79.094,99.463,38.871,16441.871,16441.294,0.159,127366.76,7395.268,1.974,29.435,110924.889,57376.053,53548.836,79.416,77.067,81.879,0,0,10314142303.0,10.314142303,127.36676,127366760
43236,50,Medium,WORLD,World,2072,10330059.854,5150565.32,5179494.535,79.216,99.441,38.985,15394.381,15393.809,0.149,127057.663,7280.644,1.97,29.451,111663.282,57735.138,53928.144,79.509,77.168,81.963,0,0,10330059854.0,10.330059854,127.057663,127057663
43237,51,Medium,WORLD,World,2073,10344891.492,5157397.868,5187493.624,79.33,99.42,39.099,14270.061,14269.467,0.138,126647.678,7157.87,1.964,29.468,112377.617,58092.823,54284.794,79.605,77.272,82.051,0,0,10344891492.0,10.344891492,126.647678,126647678
43238,52,Medium,WORLD,World,2074,10358552.763,5163634.696,5194918.066,79.435,99.398,39.214,13053.638,13053.074,0.126,126138.555,7031.739,1.958,29.486,113084.917,58455.656,54629.261,79.699,77.371,82.14,0,0,10358552763.0,10.358552763,126.138555,126138555
43239,53,Medium,WORLD,World,2075,10370994.198,5169250.791,5201743.407,79.53,99.375,39.33,11830.345,11829.797,0.114,125610.364,6912.347,1.951,29.504,113780.019,58803.442,54976.577,79.794,77.473,82.228,0,0,10370994198.0,10.370994198,125.610364,125610364
43240,54,Medium,WORLD,World,2076,10382180.397,5174238.982,5207941.414,79.616,99.353,39.447,10543.287,10542.599,0.102,125002.277,6787.825,1.945,29.522,114458.99,59129.396,55329.594,79.887,77.575,82.311,0,0,10382180397.0,10.382180397,125.002277,125002277
43241,55,Medium,WORLD,World,2077,10392082.0,5178580.262,5213501.737,79.692,99.33,39.565,9261.211,9260.607,0.089,124365.479,6665.667,1.938,29.541,115104.268,59458.945,55645.323,79.981,77.674,82.4,0,0,10392082000.0,10.392082,124.36547900000001,124365479
43242,56,Medium,WORLD,World,2078,10400749.753,5182291.475,5218458.278,79.758,99.307,39.685,8075.428,8074.9,0.078,123814.989,6555.183,1.933,29.56,115739.561,59780.308,55959.253,80.072,77.77,82.486,0,0,10400749753.0,10.400749753,123.814989,123814989
43243,57,Medium,WORLD,World,2079,10408266.922,5185422.042,5222844.88,79.816,99.283,39.806,6960.03,6959.438,0.067,123303.522,6446.07,1.929,29.579,116343.492,60075.104,56268.388,80.162,77.867,82.57,0,0,10408266922.0,10.408266922,123.303522,123303522
43244,58,Medium,WORLD,World,2080,10414637.189,5187975.886,5226661.303,79.865,99.26,39.928,5781.726,5781.095,0.056,122675.812,6339.772,1.924,29.598,116894.086,60348.151,56545.935,80.253,77.962,82.655,0,0,10414637189.0,10.414637189,122.67581200000001,122675812
43245,59,Medium,WORLD,World,2081,10419851.489,5189949.357,5229902.132,79.905,99.236,40.051,4648.223,4647.506,0.045,122061.916,6231.437,1.919,29.619,117413.693,60599.545,56814.148,80.342,78.057,82.737,0,0,10419851489.0,10.419851489,122.061916,122061916
43246,60,Medium,WORLD,World,2082,10424022.896,5191403.498,5232619.397,79.937,99.212,40.174,3695.971,3695.307,0.035,121564.29,6122.942,1.916,29.641,117868.319,60817.857,57050.462,80.432,78.155,82.819,0,0,10424022896.0,10.424022896,121.56429,121564290
43247,61,Medium,WORLD,World,2083,10427226.4,5192372.853,5234853.548,79.961,99.189,40.299,2712.331,2711.702,0.026,120968.156,6016.263,1.912,29.662,118255.825,61007.564,57248.261,80.525,78.252,82.908,0,0,10427226400.0,10.4272264,120.96815600000001,120968156
43248,62,Medium,WORLD,World,2084,10429447.395,5192850.546,5236596.849,79.978,99.165,40.425,1730.807,1730.288,0.017,120365.885,5909.954,1.907,29.684,118635.078,61187.568,57447.51,80.615,78.349,82.989,0,0,10429447395.0,10.429447395,120.36588499999999,120365885
43249,63,Medium,WORLD,World,2085,10430679.101,5192831.01,5237848.091,79.988,99.141,40.551,733.777,733.124,0.007,119678.778,5799.755,1.901,29.706,118945.001,61341.354,57603.647,80.705,78.445,83.073,0,0,10430679101.0,10.430679101,119.67877800000001,119678778
43250,64,Medium,WORLD,World,2086,10430926.281,5192308.611,5238617.669,79.99,99.116,40.678,-238.039,-238.765,-0.002,118975.344,5690.123,1.895,29.729,119213.383,61480.091,57733.292,80.797,78.54,83.16,0,0,10430926281.0,10.430926281,118.97534399999999,118975344
43251,65,Medium,WORLD,World,2087,10430267.624,5191321.302,5238946.321,79.985,99.091,40.805,-1077.971,-1078.549,-0.01,118384.844,5585.49,1.891,29.75,119462.815,61609.587,57853.228,80.886,78.635,83.243,0,0,10430267624.0,10.430267624,118.384844,118384844
43252,66,Medium,WORLD,World,2088,10428830.626,5189929.053,5238901.574,79.974,99.065,40.931,-1794.709,-1795.445,-0.017,117907.734,5484.431,1.888,29.773,119702.443,61744.215,57958.228,80.974,78.727,83.327,0,0,10428830626.0,10.428830626,117.90773399999999,117907734
43253,67,Medium,WORLD,World,2089,10426601.147,5188126.357,5238474.789,79.957,99.039,41.057,-2662.776,-2663.515,-0.026,117242.146,5371.616,1.882,29.796,119904.922,61845.183,58059.739,81.066,78.826,83.411,0,0,10426601147.0,10.426601147,117.24214599999999,117242146
43254,68,Medium,WORLD,World,2090,10423541.036,5185896.747,5237644.288,79.933,99.012,41.182,-3456.006,-3456.706,-0.033,116668.119,5270.53,1.877,29.819,120124.125,61963.186,58160.939,81.156,78.92,83.495,0,0,10423541036.0,10.423541036,116.668119,116668119
43255,69,Medium,WORLD,World,2091,10419647.132,5183229.224,5236417.907,79.903,98.984,41.306,-4330.561,-4331.102,-0.042,116014.029,5164.731,1.871,29.842,120344.59,62091.6,58252.99,81.246,79.013,83.581,0,0,10419647132.0,10.419647132,116.014029,116014029
43256,70,Medium,WORLD,World,2092,10414959.829,5180150.306,5234809.522,79.867,98.956,41.427,-5042.851,-5043.504,-0.048,115548.65,5064.693,1.867,29.865,120591.501,62211.106,58380.395,81.335,79.11,83.661,0,0,10414959829.0,10.414959829,115.54865,115548650
43257,71,Medium,WORLD,World,2093,10409491.089,5176669.8,5232821.288,79.825,98.927,41.545,-5893.448,-5893.977,-0.057,114951.659,4958.524,1.862,29.889,120845.107,62350.788,58494.319,81.426,79.205,83.748,0,0,10409491089.0,10.409491089,114.951659,114951659
43258,72,Medium,WORLD,World,2094,10403272.149,5172800.515,5230471.634,79.778,98.897,41.661,-6543.187,-6543.901,-0.063,114561.354,4860.47,1.86,29.912,121104.541,62482.193,58622.348,81.517,79.302,83.832,0,0,10403272149.0,10.403272149,114.56135400000001,114561354
43259,73,Medium,WORLD,World,2095,10396305.844,5168552.651,5227753.193,79.724,98.868,41.774,-7388.141,-7388.709,-0.071,113995.198,4755.006,1.855,29.936,121383.339,62618.235,58765.104,81.609,79.398,83.916,0,0,10396305844.0,10.396305844,113.995198,113995198
43260,74,Medium,WORLD,World,2096,10388517.149,5163893.81,5224623.339,79.664,98.838,41.884,-8187.988,-8188.681,-0.079,113492.904,4657.014,1.851,29.959,121680.892,62759.273,58921.619,81.698,79.493,83.999,0,0,10388517149.0,10.388517149,113.492904,113492904
43261,75,Medium,WORLD,World,2097,10379888.448,5158814.664,5221073.784,79.598,98.808,41.992,-9067.896,-9068.722,-0.087,112917.957,4554.919,1.846,29.983,121985.853,62908.69,59077.163,81.787,79.587,84.081,0,0,10379888448.0,10.379888448,112.917957,112917957
43262,76,Medium,WORLD,World,2098,10370445.196,5153334.151,5217111.046,79.526,98.778,42.097,-9817.313,-9817.781,-0.095,112457.152,4461.984,1.842,30.007,122274.465,63033.782,59240.683,81.877,79.682,84.165,0,0,10370445196.0,10.370445196,112.45715200000001,112457152
43263,77,Medium,WORLD,World,2099,10360269.362,5147497.978,5212771.384,79.448,98.748,42.2,-10533.215,-10533.889,-0.102,112004.38,4369.617,1.84,30.03,122537.595,63153.038,59384.557,81.969,79.778,84.252,0,0,10360269362.0,10.360269362,112.00438,112004380
43264,78,Medium,WORLD,World,2100,10349323.038,5141293.479,5208029.56,79.364,98.719,42.3,-11357.926,-11358.758,-0.11,111453.746,4274.206,1.835,30.054,122811.672,63255.546,59556.126,82.058,79.875,84.332,0,0,10349323038.0,10.349323038,111.453746,111453746
65780,0,High,WORLD,World,2022,7982260.249,4012265.713,3969994.536,61.212,101.065,30.213,81204.199,81203.867,1.017,148549.649,13867.919,2.566,28.285,67345.45,36263.683,31081.767,71.761,69.194,74.442,0,0,7982260249.0,7.982260249,148.54964900000002,148549649
65781,1,High,WORLD,World,2023,8066769.577,4054038.459,4012731.118,61.86,101.029,30.398,87815.38,87814.789,1.089,148880.556,13832.252,2.563,28.321,61065.176,32829.419,28235.757,73.413,70.852,76.041,0,0,8066769577.0,8.066769577,148.880556,148880556
65782,2,High,WORLD,World,2024,8154602.265,4097575.617,4057026.649,62.534,100.999,30.585,87851.03,87850.587,1.077,149132.629,13801.557,2.559,28.358,61281.599,32966.98,28314.619,73.732,71.161,76.368,0,0,8154602265.0,8.154602265,149.13262899999998,149132629
65783,3,High,WORLD,World,2025,8242091.446,4140877.956,4101213.49,63.205,100.967,30.764,87128.364,87127.774,1.057,149411.451,13778.906,2.555,28.396,62283.087,33502.505,28780.582,73.859,71.283,76.501,0,0,8242091446.0,8.242091446,149.411451,149411451
65784,4,High,WORLD,World,2026,8328842.776,4183749.013,4145093.764,63.87,100.933,30.937,86375.586,86374.887,1.037,149662.466,13764.901,2.549,28.435,63286.88,34035.469,29251.411,74.022,71.444,76.666,0,0,8328842776.0,8.328842776,149.662466,149662466
65785,5,High,WORLD,World,2027,8419249.044,4228449.791,4190799.253,64.563,100.898,31.086,94438.16,94437.648,1.122,158893.9,14424.433,2.696,28.497,64455.74,34657.474,29798.266,74.205,71.629,76.85,0,0,8419249044.0,8.419249044,158.8939,158893900
65786,6,High,WORLD,World,2028,8513318.61,4274984.428,4238334.183,65.285,100.865,31.209,93702.095,93701.484,1.101,159251.668,14381.23,2.69,28.538,65549.573,35237.235,30312.338,74.365,71.786,77.014,0,0,8513318609.999999,8.513318609999999,159.251668,159251668
65787,7,High,WORLD,World,2029,8606671.688,4321109.038,4285562.65,66.0,100.829,31.325,93005.103,93004.672,1.081,159652.168,14329.299,2.683,28.578,66647.065,35808.763,30838.302,74.524,71.947,77.173,0,0,8606671688.0,8.606671688,159.65216800000002,159652168
65788,8,High,WORLD,World,2030,8699311.724,4366835.329,4332476.394,66.711,100.793,31.435,92275.876,92275.399,1.061,160031.706,14259.949,2.676,28.616,67755.83,36383.928,31371.902,74.683,72.106,77.332,0,0,8699311724.0,8.699311724,160.031706,160031706
65789,9,High,WORLD,World,2031,8791198.362,4412148.559,4379049.803,67.415,100.756,31.539,91498.365,91497.877,1.041,160399.634,14182.89,2.668,28.654,68901.269,36972.181,31929.088,74.837,72.26,77.486,0,0,8791198362.0,8.791198362,160.399634,160399634
65790,10,High,WORLD,World,2032,8885350.27,4458605.451,4426744.819,68.137,100.72,31.629,96806.469,96805.94,1.09,166976.252,14539.667,2.762,28.701,70169.783,37622.174,32547.609,75.0,72.427,77.647,0,0,8885350270.0,8.88535027,166.97625200000002,166976252
65791,11,High,WORLD,World,2033,8981761.0,4506213.895,4475547.105,68.877,100.685,31.709,96015.971,96015.52,1.069,167407.918,14413.651,2.753,28.735,71391.947,38235.254,33156.693,75.15,72.582,77.793,0,0,8981761000.0,8.981761,167.407918,167407918
65792,12,High,WORLD,World,2034,9077392.307,4553422.618,4523969.689,69.61,100.651,31.787,95247.505,95247.093,1.049,167879.592,14287.592,2.745,28.764,72632.087,38856.813,33775.274,75.297,72.732,77.938,0,0,9077392307.0,9.077392307,167.879592,167879592
65793,13,High,WORLD,World,2035,9172233.38,4600234.828,4571998.552,70.337,100.618,31.859,94435.697,94435.054,1.03,168326.776,14137.431,2.737,28.792,73891.079,39476.033,34415.046,75.442,72.882,78.078,0,0,9172233380.0,9.17223338,168.32677600000002,168326776
65794,14,High,WORLD,World,2036,9266225.633,4646628.962,4619596.672,71.058,100.585,31.928,93549.725,93549.452,1.01,168701.241,13961.193,2.728,28.818,75151.516,40092.564,35058.952,75.586,73.031,78.218,0,0,9266225633.0,9.266225633,168.701241,168701241
65795,15,High,WORLD,World,2037,9359394.29,4692620.526,4666773.764,71.773,100.554,31.996,92788.294,92787.862,0.991,169215.432,13813.93,2.723,28.843,76427.138,40713.734,35713.404,75.728,73.179,78.355,0,0,9359394290.0,9.35939429,169.215432,169215432
65796,16,High,WORLD,World,2038,9451796.203,4738246.849,4713549.354,72.481,100.524,32.065,92016.461,92015.963,0.974,169728.693,13728.929,2.717,28.866,77712.232,41330.729,36381.503,75.868,73.326,78.489,0,0,9451796203.0,9.451796203,169.728693,169728693
65797,17,High,WORLD,World,2039,9543348.514,4783473.569,4759874.946,73.183,100.496,32.134,91089.145,91088.66,0.954,170087.258,13724.108,2.71,28.888,78998.113,41945.595,37052.518,76.005,73.47,78.621,0,0,9543348514.0,9.543348514,170.087258,170087258
65798,18,High,WORLD,World,2040,9634033.342,4828293.283,4805740.06,73.879,100.469,32.207,90281.433,90280.997,0.937,170569.316,13843.954,2.704,28.908,80287.883,42562.042,37725.841,76.141,73.612,78.751,0,0,9634033342.0,9.634033342,170.569316,170569316
65799,19,High,WORLD,World,2041,9723953.718,4872759.977,4851193.741,74.568,100.445,32.285,89560.282,89559.754,0.921,171116.673,14078.738,2.699,28.93,81556.391,43165.09,38391.301,76.277,73.756,78.881,0,0,9723953718.0,9.723953718,171.11667300000002,171116673
65800,20,High,WORLD,World,2042,9813174.866,4916910.975,4896263.891,75.252,100.422,32.365,88882.992,88882.542,0.906,171715.163,14197.009,2.694,28.951,82832.171,43769.828,39062.343,76.41,73.896,79.007,0,0,9813174866.0,9.813174866,171.715163,171715163
65801,21,High,WORLD,World,2043,9901728.191,4960759.754,4940968.436,75.932,100.401,32.446,88224.569,88224.108,0.891,172340.139,14176.821,2.689,28.971,84115.57,44385.821,39729.749,76.538,74.031,79.13,0,0,9901728191.0,9.901728191,172.340139,172340139
65802,22,High,WORLD,World,2044,9989648.886,5004321.635,4985327.251,76.606,100.381,32.523,87617.754,87617.282,0.877,173000.79,14190.128,2.683,28.995,85383.036,44990.587,40392.449,76.666,74.166,79.252,0,0,9989648886.0,9.989648886,173.00079,173000790
65803,23,High,WORLD,World,2045,10076984.203,5047626.093,5029358.111,77.276,100.363,32.6,87053.664,87053.352,0.864,173689.539,14262.677,2.677,29.018,86635.875,45584.267,41051.608,76.793,74.303,79.37,0,0,10076984203.0,10.076984203,173.689539,173689539
65804,24,High,WORLD,World,2046,10163800.076,5090704.104,5073095.973,77.941,100.347,32.677,86578.968,86578.394,0.852,174444.672,14394.564,2.67,29.043,87865.704,46177.798,41687.906,76.919,74.435,79.491,0,0,10163800076.0,10.163800076,174.444672,174444672
65805,25,High,WORLD,World,2047,10250164.911,5133583.298,5116581.613,78.604,100.332,32.751,86151.817,86151.276,0.84,175266.518,14447.927,2.663,29.068,89114.701,46781.405,42333.296,77.038,74.562,79.603,0,0,10250164911.0,10.250164911,175.26651800000002,175266518
65806,26,High,WORLD,World,2048,10336114.555,5176280.024,5159834.531,79.263,100.319,32.815,85748.519,85748.012,0.83,176083.996,14401.068,2.655,29.093,90335.477,47373.9,42961.577,77.157,74.689,79.715,0,0,10336114555.0,10.336114555,176.083996,176083996
65807,27,High,WORLD,World,2049,10421666.736,5218795.444,5202871.292,79.919,100.306,32.871,85356.772,85356.35,0.819,176889.629,14381.132,2.645,29.117,91532.857,47967.805,43565.052,77.275,74.814,79.829,0,0,10421666736.0,10.421666736,176.88962899999999,176889629
65808,28,High,WORLD,World,2050,10506906.237,5261162.793,5245743.444,80.572,100.294,32.919,85123.235,85122.652,0.81,177856.986,14403.363,2.636,29.139,92733.751,48569.912,44163.839,77.39,74.933,79.941,0,0,10506906237.0,10.506906237,177.856986,177856986
65809,29,High,WORLD,World,2051,10591886.078,5303408.787,5288477.291,81.224,100.282,32.96,84837.377,84837.029,0.801,178753.181,14449.564,2.625,29.16,93915.804,49157.244,44758.56,77.504,75.053,80.05,0,0,10591886078.0,10.591886078,178.753181,178753181
65810,30,High,WORLD,World,2052,10676780.877,5345623.265,5331157.612,81.875,100.271,32.98,84953.174,84952.571,0.796,180040.45,14456.96,2.618,29.18,95087.276,49744.187,45343.089,77.618,75.173,80.16,0,0,10676780877.0,10.676780877,180.04045000000002,180040450
65811,31,High,WORLD,World,2053,10761677.716,5387845.637,5373832.078,82.526,100.261,32.974,84841.618,84841.105,0.788,181089.58,14368.979,2.607,29.198,96247.962,50331.099,45916.863,77.732,75.292,80.27,0,0,10761677716.0,10.761677716,181.08957999999998,181089580
65812,32,High,WORLD,World,2054,10846560.959,5430068.336,5416492.624,83.177,100.251,32.943,84925.972,84925.383,0.783,182311.948,14281.568,2.597,29.214,97385.976,50899.361,46486.615,77.845,75.411,80.379,0,0,10846560959.0,10.846560959,182.311948,182311948
65813,33,High,WORLD,World,2055,10931514.122,5472336.355,5459177.767,83.828,100.241,32.891,84981.462,84980.942,0.777,183508.055,14195.237,2.587,29.227,98526.593,51473.638,47052.955,77.956,75.527,80.486,0,0,10931514122.0,10.931514122,183.50805499999998,183508055
65814,34,High,WORLD,World,2056,11016567.268,5514669.417,5501897.851,84.481,100.232,32.884,85126.017,85125.349,0.773,184788.143,14115.177,2.577,29.238,99662.126,52031.763,47630.363,78.063,75.641,80.587,0,0,11016567268.0,11.016567268,184.78814300000002,184788143
65815,35,High,WORLD,World,2057,11101775.368,5557100.829,5544674.539,85.134,100.224,32.917,85291.307,85290.853,0.768,186038.596,14035.599,2.568,29.249,100747.289,52566.023,48181.266,78.175,75.76,80.693,0,0,11101775368.0,11.101775368,186.03859599999998,186038596
65816,36,High,WORLD,World,2058,11187147.98,5599631.442,5587516.537,85.789,100.217,32.943,85455.11,85454.37,0.764,187262.962,13950.701,2.558,29.26,101807.852,53095.46,48712.392,78.284,75.875,80.798,0,0,11187147980.0,11.18714798,187.262962,187262962
65817,37,High,WORLD,World,2059,11272584.886,5642213.334,5630371.552,86.444,100.21,32.962,85420.165,85419.441,0.758,188261.351,13872.158,2.545,29.268,102841.186,53599.483,49241.703,78.392,75.99,80.898,0,0,11272584886.0,11.272584886,188.261351,188261351
65818,38,High,WORLD,World,2060,11358134.018,5684874.945,5673259.073,87.1,100.205,32.977,85679.383,85678.824,0.754,189523.446,13811.199,2.538,29.278,103844.063,54091.431,49752.632,78.5,76.105,81,0,0,11358134018.0,11.358134018,189.523446,189523446
65819,39,High,WORLD,World,2061,11443936.956,5727683.822,5716253.134,87.758,100.2,33.014,85927.589,85927.052,0.751,190755.408,13758.591,2.53,29.288,104827.819,54579.41,50248.409,78.605,76.215,81.1,0,0,11443936956.0,11.443936956,190.755408,190755408
65820,40,High,WORLD,World,2062,11530016.714,5770657.646,5759359.067,88.418,100.196,33.074,86233.066,86232.464,0.748,192003.374,13711.955,2.524,29.299,105770.308,55029.153,50741.155,78.71,76.33,81.196,0,0,11530016714.0,11.530016714,192.003374,192003374
65821,41,High,WORLD,World,2063,11616295.562,5813755.759,5802539.803,89.08,100.193,33.129,86325.705,86325.232,0.743,192977.753,13651.648,2.516,29.311,106652.048,55466.325,51185.723,78.817,76.444,81.297,0,0,11616295562.0,11.616295562,192.977753,192977753
65822,42,High,WORLD,World,2064,11702691.659,5856930.726,5845760.932,89.742,100.191,33.181,86467.723,86466.961,0.739,193999.456,13613.488,2.509,29.321,107531.733,55894.913,51636.82,78.919,76.554,81.391,0,0,11702691659.0,11.702691659,193.999456,193999456
65823,43,High,WORLD,World,2065,11789065.841,5900112.457,5888953.385,90.405,100.189,33.228,86282.066,86281.405,0.732,194650.82,13555.428,2.499,29.331,108368.754,56306.712,52062.042,79.024,76.668,81.488,0,0,11789065841.0,11.789065841,194.65082,194650820
65824,44,High,WORLD,World,2066,11875308.482,5943238.944,5932069.539,91.066,100.188,33.287,86204.309,86203.877,0.726,195417.559,13513,2.492,29.341,109213.25,56727.28,52485.97,79.126,76.779,81.582,0,0,11875308482.0,11.875308482,195.417559,195417559
65825,45,High,WORLD,World,2067,11961532.648,5986357.423,5975175.225,91.727,100.187,33.362,86245.077,86244.453,0.721,196278.17,13477.802,2.487,29.35,110033.093,57149.614,52883.479,79.226,76.885,81.675,0,0,11961532648.0,11.961532648,196.27817000000002,196278170
65826,46,High,WORLD,World,2068,12047662.163,6029423.344,6018238.819,92.388,100.186,33.439,86015.166,86014.578,0.714,196857.859,13433.703,2.479,29.359,110842.693,57565.421,53277.272,79.326,76.991,81.77,0,0,12047662163.0,12.047662163,196.857859,196857859
65827,47,High,WORLD,World,2069,12133590.492,6072386.707,6061203.785,93.047,100.185,33.514,85842.606,85842.081,0.707,197480.43,13397.692,2.472,29.368,111637.824,57968.219,53669.605,79.426,77.1,81.86,0,0,12133590492.0,12.133590492,197.48042999999998,197480430
65828,48,High,WORLD,World,2070,12219278.565,6115220.407,6104058.157,93.704,100.183,33.587,85534.703,85534.064,0.7,197981.245,13360.597,2.465,29.377,112446.542,58396.935,54049.607,79.523,77.202,81.953,0,0,12219278565.0,12.219278565,197.981245,197981245
65829,49,High,WORLD,World,2071,12304716.727,6157914.746,6146801.981,94.359,100.181,33.658,85342.898,85342.26,0.694,198561.932,13329.983,2.459,29.387,113219.034,58797.794,54421.24,79.623,77.309,82.047,0,0,12304716727.0,12.304716727,198.561932,198561932
65830,50,High,WORLD,World,2072,12389989.076,6200524.336,6189464.74,95.013,100.179,33.728,85203.095,85202.438,0.688,199237.187,13307.879,2.454,29.396,114034.092,59206.4,54827.692,79.718,77.412,82.132,0,0,12389989076.0,12.389989076,199.237187,199237187
65831,51,High,WORLD,World,2073,12475093.563,6243048.931,6232044.631,95.665,100.177,33.796,85007.06,85006.535,0.681,199835.853,13270.127,2.449,29.406,114828.793,59615.432,55213.361,79.815,77.519,82.22,0,0,12475093563.0,12.475093563,199.83585300000001,199835853
65832,52,High,WORLD,World,2074,12559966.848,6285446.682,6274520.166,96.316,100.174,33.862,84740.42,84740.036,0.675,200362.315,13224.119,2.443,29.417,115621.895,60033.281,55588.614,79.91,77.62,82.309,0,0,12559966848.0,12.559966848,200.362315,200362315
65833,53,High,WORLD,World,2075,12644591.875,6327708.593,6316883.282,96.965,100.171,33.926,84510.6,84510.018,0.668,200917.916,13183.441,2.437,29.428,116407.316,60439.188,55968.128,80.007,77.724,82.398,0,0,12644591875.0,12.644591875,200.917916,200917916
65834,54,High,WORLD,World,2076,12728972.398,6369846.675,6359125.723,97.612,100.169,33.989,84251.682,84251.029,0.662,201434.109,13130.485,2.43,29.439,117182.427,60826.544,56355.883,80.102,77.829,82.483,0,0,12728972398.0,12.728972398,201.434109,201434109
65835,55,High,WORLD,World,2077,12813124.333,6411864.407,6401259.927,98.258,100.166,34.052,84053.485,84052.841,0.656,201983.166,13076.75,2.423,29.451,117929.681,61221.401,56708.28,80.198,77.932,82.573,0,0,12813124333.0,12.813124333,201.983166,201983166
65836,56,High,WORLD,World,2078,12897157.289,6453807.942,6443349.347,98.902,100.162,34.114,84013.632,84013.071,0.651,202686.539,13034.259,2.418,29.463,118672.907,61611.922,57060.985,80.292,78.032,82.661,0,0,12897157289.0,12.897157289,202.68653899999998,202686539
65837,57,High,WORLD,World,2079,12981224.829,6495761.792,6485463.037,99.547,100.159,34.174,84122.638,84122.008,0.648,203514.6,12990.025,2.414,29.475,119391.962,61980.406,57411.556,80.386,78.132,82.746,0,0,12981224829.0,12.981224829,203.5146,203514600
65838,58,High,WORLD,World,2080,13065369.979,6537748.908,6527621.071,100.192,100.155,34.234,84168.775,84168.292,0.644,204232.663,12944.946,2.409,29.486,120063.888,62331.037,57732.851,80.48,78.232,82.834,0,0,13065369979.0,13.065369979,204.232663,204232663
65839,59,High,WORLD,World,2081,13149606.464,6579777.358,6569829.106,100.838,100.151,34.294,84305.325,84304.678,0.641,205017.29,12892.028,2.404,29.499,120711.965,62664.296,58047.669,80.573,78.333,82.919,0,0,13149606464.0,13.149606464,205.01729,205017290
65840,60,High,WORLD,World,2082,13234103.268,6621936.521,6612166.746,101.486,100.148,34.353,84689.454,84688.929,0.64,205992.59,12832.082,2.401,29.512,121303.136,62968.942,58334.194,80.668,78.436,83.004,0,0,13234103268.0,13.234103268,205.99259,205992590
65841,61,High,WORLD,World,2083,13318961.14,6664272.277,6654688.863,102.137,100.144,34.412,85027.541,85026.817,0.638,206861.769,12771.674,2.396,29.524,121834.228,63250.622,58583.606,80.765,78.539,83.096,0,0,13318961140.0,13.31896114,206.861769,206861769
65842,62,High,WORLD,World,2084,13404156.417,6706772.837,6697383.579,102.79,100.14,34.471,85364.138,85363.735,0.637,207730.739,12707.595,2.392,29.536,122366.601,63527.217,58839.384,80.859,78.642,83.181,0,0,13404156417.0,13.404156417,207.730739,207730739
65843,63,High,WORLD,World,2085,13489659.907,6749420.638,6740239.27,103.446,100.136,34.531,85643.964,85643.246,0.635,208483.048,12633.089,2.386,29.548,122839.084,63783.555,59055.529,80.955,78.744,83.269,0,0,13489659907.0,13.489659907,208.483048,208483048
65844,64,High,WORLD,World,2086,13575446.706,6792193.44,6783253.266,104.104,100.132,34.592,85930.927,85930.353,0.633,209210.047,12556.89,2.379,29.56,123279.12,64030.519,59248.601,81.052,78.847,83.36,0,0,13575446706.0,13.575446706,209.210047,209210047
65845,65,High,WORLD,World,2087,13661590.781,6835126.609,6826464.172,104.764,100.127,34.654,86358.277,86357.795,0.632,210070.74,12486.062,2.375,29.571,123712.463,64275.095,59437.368,81.147,78.948,83.448,0,0,13661590781.0,13.661590781,210.07074,210070740
65846,66,High,WORLD,World,2088,13748232.587,6878286.052,6869946.535,105.429,100.121,34.718,86926.632,86925.817,0.632,211074.124,12419.989,2.372,29.582,124147.492,64531.664,59615.828,81.242,79.048,83.537,0,0,13748232587.0,13.748232587,211.074124,211074124
65847,67,High,WORLD,World,2089,13835312.947,6921642.152,6913670.794,106.096,100.115,34.784,87235.318,87234.904,0.631,211791.578,12331.572,2.366,29.594,124556.26,64760.227,59796.033,81.34,79.153,83.626,0,0,13835312947.0,13.835312947,211.79157800000002,211791578
65848,68,High,WORLD,World,2090,13922723.534,6965141.838,6957581.696,106.767,100.109,34.853,87586.985,87586.271,0.629,212582.954,12260.957,2.361,29.604,124995.969,65014.487,59981.482,81.436,79.255,83.716,0,0,13922723534.0,13.922723534,212.582954,212582954
65849,69,High,WORLD,World,2091,14010402.466,7008742.68,7001659.786,107.439,100.101,34.924,87772.145,87771.593,0.626,213223.624,12179.915,2.355,29.615,125451.479,65287.366,60164.113,81.533,79.356,83.807,0,0,14010402466.0,14.010402466,213.223624,213223624
65850,70,High,WORLD,World,2092,14098361.675,7052455.526,7045906.149,108.113,100.093,34.998,88147.387,88146.825,0.625,214098.627,12107.672,2.352,29.627,125951.24,65560.733,60390.507,81.628,79.46,83.893,0,0,14098361675.0,14.098361675,214.09862700000002,214098627
65851,71,High,WORLD,World,2093,14186563.791,7096264.84,7090298.951,108.79,100.084,35.074,88257.939,88257.406,0.622,214731.26,12022.691,2.347,29.639,126473.321,65863.504,60609.817,81.726,79.562,83.986,0,0,14186563791.0,14.186563791,214.73126000000002,214731260
65852,72,High,WORLD,World,2094,14274999.626,7140161.588,7134838.038,109.468,100.075,35.153,88615.023,88614.265,0.621,215636.04,11952.026,2.345,29.65,127021.017,66168.256,60852.761,81.824,79.667,84.076,0,0,14274999626.0,14.274999626,215.63604,215636040
65853,73,High,WORLD,World,2095,14363630.792,7184134.895,7179495.897,110.148,100.065,35.233,88648.474,88648.066,0.617,216256.216,11867.011,2.34,29.663,127607.742,66488.662,61119.08,81.923,79.771,84.167,0,0,14363630792.0,14.363630792,216.256216,216256216
65854,74,High,WORLD,World,2096,14452296.884,7228108.638,7224188.246,110.828,100.054,35.315,88684.733,88684.117,0.614,216921.482,11794.087,2.336,29.675,128236.749,66827.117,61409.632,82.019,79.873,84.257,0,0,14452296884.0,14.452296884,216.921482,216921482
65855,75,High,WORLD,World,2097,14540919.686,7272041.539,7268878.147,111.507,100.044,35.399,88562.195,88561.488,0.609,217460.353,11709.286,2.332,29.688,128898.158,67186.715,61711.443,82.115,79.974,84.345,0,0,14540919686.0,14.540919686,217.460353,217460353
65856,76,High,WORLD,World,2098,14629484.22,7315931.552,7313552.668,112.186,100.033,35.485,88568.14,88567.581,0.605,218135.989,11640.267,2.329,29.701,129567.849,67535.837,62032.012,82.213,80.078,84.437,0,0,14629484220.0,14.62948422,218.135989,218135989
65857,77,High,WORLD,World,2099,14718057.223,7359815.361,7358241.861,112.866,100.021,35.573,88579.059,88578.424,0.602,218819.354,11571.574,2.327,29.714,130240.295,67893.873,62346.422,82.312,80.181,84.53,0,0,14718057223.0,14.718057223,218.819354,218819354
65858,78,High,WORLD,World,2100,14806532.003,7403644.17,7402887.833,113.544,100.01,35.662,88371.85,88371.136,0.597,219327.802,11490.071,2.323,29.727,130955.952,68251.075,62704.877,82.408,80.285,84.617,0,0,14806532003.0,14.806532003,219.327802,219327802
